# Resource object code (Python 3)
# Created by: object code
# Created by: The Resource Compiler for Qt version 6.8.0
# WARNING! All changes made in this file will be lost!

from PySide6 import QtCore

qt_resource_data = b"\
\x00\x00\x87\x08\
\x89\
PNG\x0d\x0a\x1a\x0a\x00\x00\x00\x0dIHDR\x00\
\x00\x02\x00\x00\x00\x02\x00\x08\x06\x00\x00\x00\xf4x\xd4\xfa\
\x00\x00\x00\x09pHYs\x00\x00\x0e\xc3\x00\x00\x0e\xc3\
\x01\xc7o\xa8d\x00\x00\x00\x19tEXtSof\
tware\x00www.inksca\
pe.org\x9b\xee<\x1a\x00\x00 \x00ID\
ATx\x9c\xec\xddy\x9c\x1cWu/\xf0\xdf\xad\xa5\
\xf7e\xbag\xd5,\x1a\xed\xbb43\x1a\xcb\xb6\x16\xec\
\xb15\x1a\xad#\xcb\xd8r\xd8\xec\x18\x0c6Kp\x00\
Cx\x01\xf2\xa2l\x90\x10C\xc0,a'!\x0b!\
@x\x10\x08\xd8\xc6,6\xde%Y6\x96%\xd9\x92\
%\xcb\x92,\xcd\xbev\xf7tW\xd5y\x7f\x8c\x1cd\
\xa1\x91\xa6\xbb\xab\xfbVu\x9f\xef\xe7\xc3\x87\x04MW\
\x1d\x8d\xba\xfb\x9e:\xf7\xdes\x05\x18c\x8c\x95\x94{\
^\xf8\xd3jUX\xf3\x05a\x0e\x81\xe6\x12\xd0,@\
U\x80\xa8\x02PE@\xa5\x00\x04\x00\x0f\x80\xe0\xd9\x97\
\x8d\x020\x00\x18\x02\x18!\x88>\x08\xea#\x0b}B\
\xa13\xc2\x12G-\xe0\x88%\xe8\xc5\x81\x13\xc1\x97v\
]\xb3\xcb\x90\xf5\xf7c\xf6\x10\xb2\x03`\x8c1\x96\xbb\
/\xbe\xf4\x7fb\x94\xa6u \xba\x02@\x1b\x14\xb4\x81\
0\xa3\x90\xf7$ -\x80g\x01<% \x9e\xb2\xc8\
\xdc\xddw2\xb4\x87\x93\x02w\xe1\x04\x801\xc6\x5c\xe4\
?\xf7\xef\xf2\xf4\xe8\x89\xab\x85\x22\xb6\xc2\xa2k \xb0\
\x0c\x80\x22;.\x00c\x02x\xd8\x02=\xa8\x08\xf5\xde\
w\xcd\xfd\xdb\xbdB\x80d\x07\xc5\xa6\xc6\x09\x00c\x8c\
9\xdc7\x8f\xee\xf2%\x8c\xc46@\xdc\x04`#@\
\x11\xd91]\x9a8\x09a\xfdX@\xf9\xa1:4\xf8\
\xf3;.\xfbJFvD\xec\xb58\x01`\x8c1\x87\
\xfa\xdc\xe1\x0f\xad\x15$n\x13\xc0\xeb\x01De\xc7\x93\
\x87>\x02}G\x08\xe5\xdf\xdf3\xef\xef\x1e\x91\x1d\x0c\
\x9b\xc4\x09\x00c\x8c9\xc8\x97O\xed\x0a\x18c\xc9\x9b\
\x01z7\x04V\xc8\x8e\xa7\x00\x0e\x10\xe1K\x19=\xfd\
\xad\xf7\xcf\xfe\xcc\x90\xec`\xca\x19'\x00\x8c1\xe6\x00\
\x7f\xff\xf4\x07\x83\x81\xa0\xfa.\x10}\x08@\x8d\xecx\
\x8a !@\xff,\x0c\xf5\x93\xefZ\xfc\xb7\xc7d\x07\
S\x8e8\x01`\x8c1\x89\xbe\xb0\x7fW\x08\xfa\xf8m\
\x10\xe2\xff\x00\xa8\x93\x1d\x8f\x04\x16 \xbe\x0f\xa2?\x7f\
\xcf\x82O\x1e\x90\x1dL9\xe1\x04\x801\xc6$\xf8\xe6\
\xd1]\xbeqc\xfc\x03\x02\xe2\x03\x00*e\xc7\xe3\x00\
\x16\x80\xef\x81\xe8\x13\xefY\xf0\xf7\xfbd\x07S\x0e8\
\x01`\x8c\xb1\x22\xfb\xfc\x91\x0fmQ,q\x0f\x01s\
e\xc7\xe2@\x04\xe0\x87\xa4\xa8\x1f\xfe\xa3\xb9\x9fx^\
v0\xa5\x8c\x13\x00\xc6\x18+\x92\x7f<\xf4\xfe\x06R\
\xf4O\x10p\xb3\xecX\x5c C\x84oZB\xfd\xd8\
\x9d\xf3?\xd1+;\x98R\xc4\x09\x00c\x8c\x15\xd0\xea\
G>\x1d\xf7{\xcd\xeb\x96\xfb\x12\x1f\x9a\xeb\x19_\xa4\
\xf2\xf7n\xb6\xfa\x85\xa0\xbfP\x87\x86\xbf\xc4\xbd\x04\xec\
\xc5oD\xc6\x18\xb3Y\xfb\xee/\xebA1\xda\x0d(\
o\x0f*f\xd7\x95\xbea\xb5JK\xcb\x0e\xcb\xe5\xe8\
\xa0\x05\xe5}\xef\x9d\xffw\xf7\xca\x8e\xa4Tp\x02\xc0\
\x18c6\xb9v\xf7'\xe7\x9aB\xb9\x83 \xfe\x10@\
M\x936\x81\xcb\xfc\xc3\xf0\x08\xee\x88k\x17\x01\xfcX\
X\x99w\xbek\xe1?\x9c\x94\x1d\x8b\xdbq\x02\xc0\x18\
cyZ\xb7\xe7\xeev\x01\xe5\x8f\x05\xe8\x8d\x004]\
\x10Z\xbc\xa3\x98\xebI\xca\x0e\xadT\x0d\x81hW\xef\
\xfc\xe0\xe7v\x89]\x96\xec`\xdc\x8a\x13\x00\xc6\x18\xcb\
\x05\xedR\xae\xde\x1b\xd9J\x82>\x0c\xc2\xdaW\xff\xe7\
\x90bb]`\x08Q\x85\x0f\xc6+8\xc2oTa\
\xde\xf1\xce\xf9\x9fzNv(n\xc4\x09\x00c\x8ce\
\x83v)W\xef\x09\xdf@\xc0_C`\xc1\xb9\x7fT\
\xa3\xa6\xb160\x0c\x8f\xe0\x87\xd2\x22\x9a\x00\xc4\xae\xde\
\x13\xfe\xbb\xf98\xe2\xecp\x02\xc0\x18c\xd3A$\xae\
\xde\xfb\x0f\xdb\x88\xac\xbf\x84\x10\xad\xe7\xff\xf1\x1c=\x89\
\x95\xfe\x11\xa82bc\x10\xc0\xd3Dt+7\x11\x9a\
>N\x00\x18c\xec\x12:\xf6\xfeC\xa7E\xd6\xdf\x01\
Xy\xa1?o\xf1\x8db\x91'Q\xe4\xa8\xd8\x05\xa4\
\x04\xb0\xabj\xde\xd1\xbbo\x12\xdf5e\x07\xe3t\x9c\
\x000\xc6\xd8\x14\xae~\xea\xeeUd\x89{\x00\x5cy\
\xa1?\x17 \xb4\xfa\xc6\xb0\x80\x07\x7fG\x11\xc0\x135\
\xe1\xf1;o\xac\xfb\xc2\xe3\xb2cq2N\x00\x18c\
\xec<\xab\x1f\xf9t\x5c\xf7\xd1\x9f\x83\xf0\x1e\xe0\xc2U\
}\x01B\x9bo\x0c\xf3y\xf0w\x9c\x98?\x89\xca@\
\xc2\x14\xc0\xdd\xf1\x98\xfag\x97\x09n t!\x9c\x00\
0\xc6\xd8Y\x1d\xbf\xdc\xa5Q$\xf46\x02>\x0e\x88\
)\x0f\xe8\xe1'\x7f\xe7\xf2\xa9\x06\x9a\xa2#\xc0\xefz\
/\xec\x83P\xde\xda\x15\xfb*\xaf\x0d8\x0f'\x00\x8c\
\xb9@GG\x87O\x1f\x8e\xc4\x15\x8bb +n*\
J\x1cDq\xa1P\x1c4\xf9\x7fC\x88J\x01\x8a\x01\
\x00\x11B\x10\xd0\xcf\xbe<\x82\xdf=\xc5V\x00\x10\x80\
P\x00\x8a\x9es\x8b\x11\x00\xe7\xce\x99\x1a\x00F\x01J\
\x01\x22\x09`T\x00\x06A\x0c\x024F\xa0!!\x94\
!\x01\x0cY\xa0!\x01\x1a\x12\x84>C\xb5\xceh\x19\
\xf3\xf4}\xcf\xdc7^\xe0_\x89\xed^\xb7\xf7\xd3W\
\x0b\xa2\xcf\x01X~\xa9\x9fm\xf1\x8da\x91\xc7u\x7f\
\xc5\x92\xa7\x0aBSt\x08\xba\xfa{\xbb02\x00>\
\xcd\xd5\x80\xd7\xe2\x04\x801\xc9\xb6/\xdc\x1e\x9e\xf0\xd1\
LSX\xb3 0S\x90h\x22`\xa6\x00\x9a\x01\xcc\
\x04P\x05  9\xccl%\x00\x9c\x11\xc0i\x02N\
\x038\x0e\xc2q\x828\xa1\x08\xeb\x84A\xe2\xa5\xca\x05\
\xfe\xd3\xdf\xfd\xae\xfc\x85Z\xeb\x1f\xfbLmF7?\
\x0b\xe0\x0f\xa6\xf3\xf3\xb3\xf4\x14\xae\xf0\x0f\x178*\x96\
\x8b\x19\xa1Q\x84\xbc\x17m\xb9\xcc\xd5\x80sp\x02\xc0\
X\x11ll\xdf8\xc3\xb4\xb4\xa5\x0a\x94%D\xb4\x80\
\x80f\x05\x98I\x93\x03|\x85\xec\xf8$I\x038\x06\
\xe00\x08\x87I\xa1\xc3\x0a\x94\xc3B\x88\x17\x22s\xbd\
G\x8b\x91\x1c\x5c\xbd\xfbS;I\xe0\x8b\x98L\xb2.\
)\xa6fpm`\x10\x1a\xb7\xf6u\x9c\x0a_\x0a\xd5\
\xc1iUe\xb8\x1ap\x16'\x00\x8c\xd9hC\xdb\xf6\
z\x82\xb9D\x81\xb2\xc4\x22,\x15\xa0%\x00\x96\x02\x88\
\xc9\x8e\xcdU\x08)\x08\x1c\x10\xc0\x01\x02\xed\x07\x89\x03\
\x8a\xaa\xfc\xf6\xde\xbd?:\x82\xc9\xf3\xe2\xf3r\xd5\x13\
\x9fj\x82\x86/\x81\xb0e\xba\xaf\xf1)\x16\xba\x82\xfd\
\xf0s\x93\x1f\xc7\xf1\xaa&\x9a*\x86!\xb2xk\x08\
\x88\xbd\xa4XwtU|cw\x01Cs4N\x00\
\x18\xcb\x8d\xd8\xb4b\xfb\x02C\xb5\xae\x10\x84\xcb\x01j\
\x05\xc4\x12\xf0@_P\x04\x8cB`\x9f\xb0\xf0\x14\x84\
x\x0a0\xf7\x0d\xa8g\xf6\xef\xd9\xb3g\xdaOrW\
\xef\xfe\xd4NR\xf0%\x10\xe2\xd3}\x8d\x10\x84k\xfd\
\x83\xa8\xd2\xca\xfa\x81\xd1\x91\x84\x00\x1a#\xc3\xf0i9\
5\x01\xb4\x04\xe8k\x19\x9a\xf8\xd0\x96\xca\x7f\x1b\xb1;\
6\xa7\xe3\x04\x80\xb1i\xe8l\xef\x8c\xc2\xf2\xaeRH\
\xac\xb3\x80v1\xb9/|ZecVh\x22\x03\xd0\
3 <L\x0a\xf6\xa8\x96\xd8s\xef\xd3\xff\xbd\xff\xfc\
\x9f\xba\xe2\xb1{\x22^\xdd\xf8{\x80n\xcf\xf6\x0e\x0b\
=\x09\xb4\xfaF\xed\x09\x97\xd9*>\xb9\xe5/\xcf\xab\
\x88\x93\x04\xfa`W\xec\xeb\xdf\x11\xd9\x94\x11\x5c\x8e\x13\
\x00\xc6\xce\xb3s\xe7Nu\xe4\xf9d;A\xac%\xd0\
\xe5\x10\xb8\x02\xc0l\xd9q\xb1l\x88W\x00z\x0c\xc0\
\xaf\x89\x94\x07\xcd\xafvDL\x95\xbe\x85\xc95\x17Y\
\x09\x0a\x13\x9b\xc2\xfd\xd0\xcag\x5cp\x0d\x8fjbf\
\x96\xa5\xff\x8b\x12\xf4$H\xbc\xbf+\xfe\xf5\x87\xed\xb9\
\xa0\xb3q\x02\xc0\x18\x80\xae\xf6\xeeEd\xd2z\x02:\
\x05\xd0\x81\xf2]\x98WZ\x84\x80\xb9\xbe\x01\xc6Ms\
\x01U\xc9\xfe\xe5 \x5c\x1d\x18B\xadv\xd1\x95\xe5e\
gb\xc8\xc0\xc0\xa1$FON =f\x22=j\
 =fA\xa8\x80'\xa8\xc2\x1b\xd1\xe0\x89\xa8\x88\xcc\
\xf2!>\xcf\x0f\xcd\x9f\xfd\xef~:\x1a\xa3\xc3\xf0\xe7\
V\xfa\xbf\x18\x12\x10\xffn\x08\xe3c\x9bc\xfft\xcc\
\xee\x8b;\x09'\x00\xac,\xad_\xb6\xbdV\xd1\xcc\xab\
\x08J\xa7\x00m\xc4\xe4\x96;VJB:2o_\
\x0ck\xf9\x94\xfd|.i\x8e'\x89U\xbe\xb2\x9b\x1a\
\xfe}\x16\xd0\xb3\x7f\x1c'\x1e\x1cB\xff\xc1$\xc6O\
O?!\x12\x0a\x10m\xf6\xa1jY\x103;*\x10\
\x99\xe9\xb5%\xa4\xb0w\x02u\xa11[\xae5\x85\x0c\
\x80\xffPL\xe5\xaf;\xab\xbf\xfa|!o$\x0b'\
\x00\xac,l\x9e\xb7\xd9k\x86\xb5kaa3\x09k\
\xfd\xd9\x05{\xacD\xd1\xdc(2\xef\x5c\x0a\x8a\xe7>\
\xd8\xa8 l\x0b\xf7\xc1W\xc6\xab\xfe\xd3#\x06\x8e\xfd\
|\x08/\xfdb\x08\xe3g\xec\xa9\x82\xc4\xe7\xfb\xd1\xdc\
\x19C\xd3\xeb\xa2P\xf4\xdc\x86 E\x10\x9acC\xd0\
\x8a\xf3oc\x80\xf0o\x82\xc4\xdfm\xa8\xfa\xda\x81b\
\xdc\xb0X8\x01`%\xab\xbb\xbd;0\x91\xa1\xf5$\
\xb0\x13Bl?\xaf\xf3\x1d+Q\xe6\x95\xb50n]\
\x04\xe8\xf9\x95\x9d\x17{\xc7\xb1\xc2[\xd0'L\xc7\xb2\
L\xc2\xf1_\x0c\xe1\xc0\xb7{01Z\x98v\x0c\xc1\
:\x0f\x96\xbc\xa9\x06\x0d\xab#Y\xbf\xb6:0\x8e\x0a\
\x7f\xaa\x00Q]\xd2\x1e\x82\xf8Jx|\xf8_\xd64\
}7)#\x00;q\x02\xc0JJG{w\x95f\
\xd1\x16\x10v\x0a`\x03\x00{\xea\x8d\xcc\xf9\x84\x80\xf1\
\xfa\xd90\xb7\xe4?\x9b\xa3\x9d}\xfa\xf7\x96\xe1\xd3\x7f\
\xdf\xfeq\xec\xfb\xcai\x8c\x9d\x9a(\xca\xfd\xaaW\x04\
\xd1z\xfb\x0c\x04k=\xd3\xfay]5\xd1\x1c\x1d\x82\
\x90;z\xf5\x11\x89\x7fU\x14\xfcP\xabh\xfc\xcd5\
b\x97\xed\x0b\x11\x8a\x81\x13\x00\xe6z\xeb[\xb6,P\
\x84\xb2C\x00;\x08\xb8\x02@aV\x1c1\xe7\x0a\xea\
\xc8\xbck\x19\xac\xc5\xf6\xac\xdd\x5c\xea\x1d\xc32o\xf9\
\xf5\xfa?v\xff \x9e\xf9\xfaiXfqw<h\
~\x05\xed\xefm\xc0\x8cU\xe1K\xfe\xec\x8c\xf0(B\
\x1eG-\xca\x1c$\xe0\xa7\x02\xe2\xc7\xaa\xa0G\xd6\xc7\
\xbe\xfe\x92\xec\x80\xa6\x8b\x13\x00\xe6J\x1b\x97n\x8c\x93\
\xae\xddH\xc0-\x80X+;\x1e&\x0fU\xfba\xbc\
o\x05\xac:{\x8eK\xd0\x05\xa1;\xd4\x07\xbd\x8c\x9e\
\xfe\xcd\x09\x0b{\xff\xf1\x14N>,q\xc1\xa3\x02,\
\xf9\x83\x1a\xcc\xbf\xbej\xca\xa7{\x9fj\xa0\xa9\xc2\xf1\
\xe70\x0c\x90\x10{\x05\xd1^@\xecS\x80\xfd\x03\xb1\
\xe1\x837\x89\xef:*k\x018\x01`.\xd2\xd1\xd1\
\xe1\xd3\x06\xc3\xdb!\xe8f\x01\xb1\x11 \xfd\xd2\xafb\
\xa5\xcc\x9a\x13\x81\xf1\xde\x15\xa0\x88}o\x85y\x9e\x04\
\xda\xcb\xa8\xe9\x8fe\x10\x1e\xfd\xc4q\xf4>\xe3\x8c\x8a\
\xc7\xdc\xcdq,\x7f[\xdd\x05\xff\xac12\x02\xbf\xee\
\xcan\x8c\x19\x00{\x00\xfc\x9a\x14q\xdfpt\xf8\xd7\
7\x09\xf9\x07aq\x02\xc0\x1c\xafk\xe5\xd6v2\xc5\
-\x10x\x13\xb8\xfb\x1e;\xcbZY\x0d\xe3\x1d\x8bA\
\x1e\xf5\xd2?\x9c\x85\xae\xe0\x00b\xaa+\x07\x99\xac\x91\
\x05<\xf9\xe9\x97q\xeaqg%<K\xdeX\x83\x05\
\xaf\x7f\xedG\xdd\xafg\xd0\x18)\x91-\x99D=$\
\x94\xefX\xa6\xf5\x85\xcd\xd5\xdf8$+\x0cN\x00\x98\
#]\xdb\xbey\xaej(\xb7@\x88\x9b\xc1]\xf8\xd8\
y\xcc\xf5\x8d0\xdf0\x1fd\xf3j\x8f\x0a\xd5\xc0\xc6\
`\xbf\xbd\x17u\xb0\xbd_8\x85\xe3\xbf\x1a\x92\x1d\xc6\
\x05\xb5\xde>\x03\xb36\xfc\xeeh\x8d\x86\xc8\x08\x02\xee\
|\xfa\xbf\x18\x02\xf0?\x10\xca\xc7d\x1cQ\xcc\x09\x00\
s\x8c]\xd8\xa5\xfc\xa6\xed\xc9k\x05)\xb7\x03\xf4z\
\x00\xf6>\xda\xb1\x92`ni\x86q\xc3\x9c\x82\x5c{\
\xa5o\x14\xf3=\xf9\xf6\x95w\x87\xe3\xbf\x1a\xc2\xde/\
\x9c\x92\x1d\xc6\x94\x14]\xa0\xe3\x13\xb3\x11i\xf6\xc1\xab\
\x19\x98\x19u\xfc\xdc\x7f>,\x10\xfdsZ\xf5\xde\xb5\
\xad\xe2\x1f\x07\x8buSN\x00\x98t\x9d\xed\x9dQa\
\xfan\x05p'\x80\xc2|\xb33\xf7\x13\x02\xc6\xce\xb9\
076\x15\xe4\xf2\x0a\x08\xdb\xcbd\xeb_r\xc0\xc0\
/\xee:\x82\xcc\x98\xf4i\xe8\x8b\xaa\x98\xed\xc3U\x1f\
\x9f\x8d\xfa\x8a1\x84\xbd\x8e[Cg;\x02N\x0b\x05\
o\xe9\xaa\xf8\xfa\x03\xc5\xb8\x1fo\x97b\xd2lh\xdb\
r\xd9\x86\xd6\xad\xdf\x14\x86\xef4\x80\xcf\x80\x07\x7f6\
\x15!`\xbcq^\xc1\x06\x7f\x00\xa8\xd6\x8c\xb2\x18\xfc\
\x01\xe0\xa9\xcf\x9ft\xfc\xe0\x0f\x00CGS8\xfc\x83\
\x1e\xa7m\xfb+\x18\x01\xd4\xc1\xc2\xbd\xf7\xf5\xbf\xed\x03\
E\xba\x1fc\xc5\xb3y\xdef\xaf\x11R\xb6\x0b\x88\xdb\
\x09\xe8\x94\x1d\x0fs\x01!`\xdc\xb6\x08\xe6\xea\x0b\xaf\
\x0c\xb7\xcb\x0a\xef(\x16{K\xbf\xfc\x7f\xe6\xa91<\
\xfa\xf1\xe3\xb2\xc3\x986U\x17\xb8\xe3\xdb\x95\x08\xc6\xcb\
nF\xf0\x13]\xf1\xaf\x7f\xa4\x907\xe0\x0a\x00+\x8a\
\x8e\xd6\x1d\x15\x9d\xad\xdd\x1f5B\xea\xcb\x80\xf8O\x1e\
\xfc\xd9\xb4\x08\x81\xcc-\x0b\x0a>\xf8\x03(\x9b\x13\xff\
\x9e\xffA\x9f\xec\x10\xb2bf\x08{\xbe\xef\xfa\xae\xbb\
\xb9\xf8\xd3\xfb\x07\xde\xfe\xd1B\xde\x80\x13\x00VP]\
+\xae\xaf\xe9j\xdd\xb6K\x87qT\x80\xfe\x1a@\xb5\
\xec\x98\x98K\x08\x01\xe3-\xf3a]U_\xf0[y\
\x84\x85\x98\xea\xcan\xaeY\xe9?0\x8e\xfe\x03\xee\xab\
r\xec\xfdA\x02\x89\xe1\xf2\x98\x9e9\x17\x81\xfe\xea\xde\
\xfe\xb7\xffA\xa1\xae\xcf\x09\x00+\x88M\xad;fm\
h\xd9\xf6YR2\xc7\x08\xf8s\x00\xf6\xf4he\xe5\
A\x08\x18o\x9e\x0f\xb3\xa3\xa1(\xb7\xab\xd5\xd2e1\
\x1fz\xe4'E[`n\xabL\x8a\xf0\xec\xbdR\x0e\
\xff\x91M(\x82\xbe\xfa\xc0\xd0\xeds\x0bqqN\x00\
\x98\xad:\x97oY\xde\xd5\xba\xed\xdfL\x18/@\xe0\
N\x00~\xd911\xf7\xc9\xbcq\x1e\xcck\x8a3\xf8\
\x03@\xa5R\xfaO\xff\x96I\xe8y\xc6\xbd\xa7\x1b\xbe\
\xf8xq\x0e'r\x1a\x02\xc2\xa6e~\xb6\x10\xd7\xd6\
\x0aqQV~\xd6\xb7m[-\x08\x1f\x11\xc0V\xe2\
\xc5\xa5,\x0f\xc6u\xb3a\xado,\xea=#e\xd0\
\xf9o\xfcT\x1aF\xd2\xfe2\xba\xeaUP\xb98\x80\
@\xb5\x0e\xcb$\x8c\x9d\x9a\xc0\xe0\xf3)\x90e\xef\x81\
B=\xcf\x97~\x92v\x11[\xef\x1dx\xdb\xe6\x8d\xf1\
o\xfc\xd4\xce\x8br\x02\xc0\xf2\xb2\xbe\xed\xba%\x0aY\
\xbb@\xb4Sv,\xcc\xfd\xac\xab\xeaan\x9fU\xf4\
\xfbF\x15\xe7o\x89\xcbW\xda\xe6m\x7f\xaaW\xc1\xe2\
\x9b\xaa1\xab+\x06\xcd\xf7\xdabrj\xd0\xc0\xc1\xef\
\xf6\xe2\xa5\x9f\x0f\x82l\xca\x03\xd2\x09\x0b\x96IP\xd4\
\xf2|\xbe\x10\x10\x9f\xfa%\xed\xba\xdf\xce\xa3\x879\x01\
`9\xb9\xb6mK\xb3B\xeaG\x04\x99\xb7\x81;\xf6\
1\x1b\x98-\x950n^P\xf4\xfbj \xf8\x95\xd2\
_`\xa6\xfa\xec\x9b\xf1\xf5D4\xac\xfd\xbf\xcd\x886\
{/\xf8\xe7\xbe\x98\x86\xd6\xdbg\xa0zi\x00\xbb\xef\
9\x09\xb2\xe1\xd7\xab\xe9\x80P\xcas\xf0?kqf\
\xe8\xf8\x16\x00?\xb2\xeb\x82\x9c\x00\xb0\xacln\xdb\x5c\
m@\xbb\x0bD\xef\x03\xe8\xc2\x9f~\xc6\xb2d\xcd\x89\
\xc0\xb8c) \xe1\x0b>\xa2\x9a\x10\xb0\xb7\x5c\xedD\
\xc1j}r\xd5W\x9e\x83\xb1P\x80+>\xd88\xe5\
\xe0\x7f\xae\x86\xb5Q$\xfb\x0d<\xfb/g\xf2\xbb)\
\x80h\x836\xe51\xc1\xb2\x10\x04z\xd2^\x1cO\x06\
p*\xedG\xc2T\x9145\xa8\x8a\x05\xbfb\x22\xaa\
e0\xd3\x97\xc0L_\x02A;v\x99\x90\xb8\x0d\x9c\
\x00\xb0b\xdb\xba|k,\xa3\x88?1\x08w\x02d\
\xcf\xc1\xeb\x8c\x01\xa0\xba\x00\x8c\xf7\xad\x00\xbcr\x0aI\
\xa12X\x00\x08\x00zHE|~\x00\x03\x87\xf2\xdb\
\x06\xd8\xb8\xae\x02\x95\x8b\xa7\xff\x150w[%\x8e=\
0\x84\xb1S\xf9-\xe2\x9b\xb3\xca\x93\xd7\xeb\xed\x94!\
\x05\xfbF*\xb0{4\x86\xfe\xcc\xc5\x13\xa1'G\xe2\
\x10\x82\xb0 0\x8a\xcb\xc3\x03h\xf6\xe7\xf5\xfb\xdfr\
_\xef\xdb\xea\xbb\xaa\xbfa\xcb!\x0e\x9c\x00\xb0\x8b\xea\
n\xef\x0e$-\xdc\x99&\xfa\x13\x00\xb1K\xbe\x80\xb1\
,\x90O\x83\xf1\xeee\xa0\xa0.-\x06\xbd\x0c\x9e\xfe\
_\xd5|ME^\x09\x80P\x80\x857T\xe6\xf0\x9a\
*\xec\xf9\xdc\xc9\x9c\xef\x0b\x05X\xd2\xe5\x8c\x0dEG\
S!\xfcO_\x1d\x063\xd3OH\x88\x04\x0e\x8dG\
ph<\x82\xa5\xc1\x11tU\xbe\x82\xa0\x9a\xd3\x9a\x0c\
M\xa8\xe2\xf5\x00>\x9f\xcb\x8b\xcf\xc7\xdb\x00\xd9\x94\xba\
Vl\xebN\x99\xf4\x9c \xfa\x04x\xf0gv\x13\x02\
\xc6;\x97\xc0j\x08J\x0d\xc3S&\xfd\xff\x01`\xe6\
5Q\x84\x9br\x9f\xb9\x9byM\x05B\xf5\xd9\xbf\xbe\
q]\x14\x91f_\xce\xf7]\xbe\xd1\x8f\xea9\xf2\x9f\
W\xf7\x8c\xc4\xf1\xef\xaf\xcc\xccj\xf0?\xdf\xfe\xf1\x08\
\xbeqj\x0e\xfa\x8d\xdc\xaeA\x02W\xe5|\xf3\xf3p\
\x02\xc0~OW{\xf7\xa2\x0dm\xdb~F\x0a~\x04\
\xa0Yv<\xac4e\xde8\x0f\xd6\xf2\xec\x9e&\x0b\
A\x13\xe5S\x01\x10\x8a\xc0\xe5w5B\x0ff\xff\xd5\
\x1fm\xf6b\xc5[sk\xc9,\x14\xe0\xf2\x0f4\xe4\
t\xdf\xaaf\x15\xd7\xbc;\x94\xd3}\xed\xb4g4\x8e\
\x9f\xf6\xd7\xd9R/\x1a6t\xfc\xcb\xa9Y\x185s\
\xa8|Yt5\x91=[\xad9\x01`\xff\xab\xa3u\
G\xc5\x86\x96m\x9f%\x93~\x0b\xc2F\xd9\xf1\xb0\xd2\
e\xad\x9bQ\xf4\xbd\xfeS\xf1\x94Q\x02\x00\x00\xe1\x06\
/V\xff\xe9Lx+\xa6\xffD\x1d\x9b\xe7\xc7\xea\x8f\
\xcd\x84\xea\xcd}\xc8\x08\xd5{\xb1\xe6c\xcd\xf0eq\
\xdf\xda\x05:v~2\x06o\x0e\x89\x83\x9dz3^\
\xfc\xbc\xbf\xc6\xd6k\x8e\x99\x1a~\xd4[\x8f\xac\xc7r\
!j\x1e\xe8{\xc7|;b\xe0\x04\x80\x01\x80\xe8l\
\xdbv\x8b\x0e\xe3\xd0\xd9\xee}\xf2km\xacdY\xf3\
\xa2\xc8\xdcR\xfc\xed~S\xd1\xcah\x0a\xe0U\xf1\x85\
\x01t\xfc\xdd\x1c4\xbe.z\xd1Q@\xf5*Xt\
c\x15\xd6\xfd\xc5,\xf8*\xf2_\xa7\x11\x9b\xe7G\xc7\
'\xe7\xa0\xe9\xaa\x8b\xdfW\xf7\x09\x5c\xf1\xa6 \xdex\
O\x1c\xa1j\xf9\xbb\x8c\x1f\x1a\xacB\x86\xec\x1f.\x8f\
&\x838\x96\xcaa\x0aL\xb1l9:\x9d\xbf\xe8\xcb\
\xdc\xfa\xb6m\xab\x15\xa2{@\xb8Lv,\xac\xf4Q\
PG\xe6\xf6%\x80\xea\x9cg\x0f\x87\xed,+\x1a\x7f\
\x5c\xc3ew6`\xf1M\xd5x\xe5\xc9Q\x0c\x1cJ\
bbdrGD\xb0FG\xe5\xd2 f\xac\x0a\xc3\
\x13\xb2w\x00\xf6\xc54\xb4\xbf\xb7\x01\x8b\xff\xa0\x06'\
\x1f\x1b\xc1\xd0\x8bI${3P<\x0a\xfcq\x0d\x8b\
V\x01\x0b\xd7z\xe0\xafp\xc6{$ij8\x94\x88\
\x14\xec\xfaO\x8dT`\xb6/\xbb\x16\xcd\x96\xb0gj\
\x96\x13\x802\xd5\xd1\xde]\xa5\x9b\xb8\x1bD\xb7\xc0q\
\xbbkY)\x22\x050n_\x02T\xe6\xbe\x18\x8c\xd9\
/X\xe7\xc1\xbc\xeeJ\xa0\xbb\xb8\xf7\x0d\xd4\xe8\x98\xbf\
\xfd\xb5k@\x84\x00\xe6\xc6\xfa\x1d\xf5\x8d\xd4\x9b\xf1\xc0\
\xa4\xc2\x05t:\x9d\xfd\xe7\x81\x80&;\xee\xcd\x09@\
\x19\xda\xd0\xbau'L\xfa\x02\xf8h^VD\xd6\xd6\
Y\xb0\x96\xc5e\x87\xf1{\xac\xb2\xad\x018\x8f\xaa\x98\
\x8e\x1a\xfc\x01`\xd4,\xec09j\xe4t}[>\
H\x9c\x00\x94\x91\x8eU[\xeatC\xfd\x02\x88^/\
;\x16V^ha\x05\x8c\xebf\xc9\x0e\xe3\x82l>\
\xb3\x86\xe5Aw\xe0\x82\xcc@\x81\xcf\x89\x08\xe4\xd0\x0f\
@\x01\xd92/\xe3\x8cI\x16Vh\x93\x8b\xfc2\xca\
~\x1e\xfcY\xd1E<H\xbfs\xa9cg\x9a\xd2\xfc\
5\xe8\x18\x8a\x03\xcfd\xa8\xf2L\x14\xb4Ut\x95\x9e\
}\x87D\x12\x8a-\x09\x00W\x00J\x5c\xd7\x8a\xee\xd9\
P\xe8+D\xe8\x94\x1d\x0b+O\xc6\xad\x8b\x80\x88s\
\xda\xb8\x9e\xcf(\xe0\xfc.\xcb\x8e\xea\xc0\x0a@X5\
\xd0\xecO\xe2X\xb20\x1d\xd0W\x84\x87sx\x95=\
g,r\x02P\xa2v\xee\xdc\xa9\x0e=\x9f\xfcc\x12\
\xf4W\x00\xb8w?\x93\xc2\xbc\xba\x1ef\x8b\xfcf?\
\x173aq\x05\xc0)\x9cz(\xd3\xbah\x0f^J\
6g\xbfg\xff\x12\xaa\xf5\x09,\x0a\x8cd\xffBB\
\xaf\x1d\xf7\xe7w~\x09\xeaj\xef^4\xf4B\xeaa\
\x08|\x0a<\xf83I\xa8\xda\x07\xf3\xa6y\xb2\xc3\xb8\
\xa4d\x01\xf6w\xb3\x1c9\xb4\x183\xcb\x9f\xc0\xe5\xd1\
\x01[\xaf\xa9\x0a\xc2u\xd5's\xabz\x08\xe4\x7f\xbc\
\x228\x01(9\x9dm\xdbn!\x93\x9e\x04\xe8\x0a\xd9\
\xb1\xb0\xf2E\x0a`\xbcm1\xc8'\xbf\x89\xcb\xa5p\
\x02\xc0\xa6\xa33\xd6\x83\xd6\xd0\xa0-\xd7\xd2\x85\x85\x9b\
j\x8f\xa3\xce\x9b\xca\xed\x02$z\xec\x88\x83\xa7\x00J\
Dg{gT\x18\xbe/\x81\xf0\x06\xd9\xb10fm\
n\x86\xb5\xa0Bv\x18\xd3\x92\xb0\x9c\x9f\xa4\x94\x0b\xbb\
K\xecv\x12\x82\xb0\xb5\xfa4*=i<8X\x9d\
sg\xc0j}\x02\xdd5'Q\xef\xc9q\xf0\x07`\
\x09\xeb\xb9\x9c_|\x0eN\x00J\xc0\xc6\x96\xad\xd7X\
\xa6\xf8\x16\x04\x9c\xd1\x5c\x9d\x955j\x0c\xc1\xdc>[\
v\x18\xd36A\x0a\xd2$\xca\xeeL\x00'\xb2,\xe7\
&\x00\xc0\xe4\x1a\x85\xd5\xd1~,\x0a\x8c\xe2\xa1\xa1*\
<7\x1e\x9d\xf6\x22\xd2\xa8\x96\xc6\xaa\xc8 VE\x06\
\xf2]\xec\x98\x19\xa9\x18=\x90\xcf\x05^\xc5\x09\x80\x8b\
utth\x9e\xa1\xd0\xc7,\xe0c\x00\xf81\x86I\
G\x0a`\xdc\xbc\x00\xa49\xfb\x8b\xfc|\xa3\x96\x8eJ\
5-;\x8c\xb2W\xc8\x8e{v\x8a\xe9il\xaf>\
\x85\xcex\x0f\x9eO\x86q<\xe9\xc7\xa9\x09?\x12\x96\
\x86\xa4\xa9@\x11@@1\x10\xd5\x0c4\xf9\x12\x98\xe5\
\x1f\xc3\x1c_\x02\xc2\x86$\x93\x80\x037\x89\xef\xda\xf2\
f\xe5\x04\xc0\xa56\xb5\xee\x98e\x0e\x19\xffF\xc0\x1a\
\xd9\xb10\xf6*\xba\xaa\x01\xd6\xbc\xa8\xec0\xb26l\
\xaa\xa8\xe4\x14Z:\xd3t\xd7z\x8c\x80j\xa054\
h\xdb\xda\x80\xe9\x10\x84_\xdau-w\xfd\xb6\x19\x00\
`Ck\xf7\xad&\x8c\xdf\x82\x07\x7f\xe6$\x11\x0f2\
7\xd8rHY\xd1\xf5\xe5r.;\xb3\x9d\xc1\x0b2\
/I@\xf9\xa9]\xd7\xe2\x0a\x80\x8bl\x9e\xb7\xd9k\
\x84\xd4\xcf\x03\xf4v\xd9\xb10v\xbe\xcc\x9b\xe7\x03\x01\
w~\xa5\xf4\x99\xcemTTN,\x120,\x05\x9a\
\x03;\x02:\xc4X&\xee\xfb\x95]\x17s\xe7\xa7\xb5\
\x0cu-\xbb\xae\xc9\xd0\xcc\xef\x01\xb8\x5cv,\x8c\x9d\
\x8f\x96U\xc2\xba\xacFv\x189\x1b\xb5T\xa4,\x05\
>\x1ex\xa4\x9b04h\x1e^\x8fq!\x04|{\
\x8b\xf8\x5c\xf6\xbd\x83\xa7\xc0\xf5\x16\x17\xe8l\xdd\xd6A\
\x9a\xb9\x1b<\xf83'\xd2\x15dn^ ;\x8a\xbc\
\xf5Y<\x0d\xe0\x04\x13&/\xc6\x98\x92\x22\xbel\xeb\
\xe5\xec\xbc\x18\xb3\x9d\xd8\xd0\xb2\xf5\xc3\x02\xf89\x00\xf7\
>^\xb1\x92fl\x9a\x09\xaa\xca\xfeLs\xa7\xe93\
x\x1a\xc0\x09R\x19N\xc4\xa6\xf0\xab\x8d\x15_\xdbc\
\xe7\x05y\x0a\xc0\xa1\xb6/\xdc\x1eN\xf9\xaco\x92\xc0\
\x0d\xb2calJ\x11\x0f\xacMM\xb2\xa3\xb0\xc5I\
\xc3\x8bV\x8c\xca\x0e\xa3\xec%\x0d\x0dD\x8e=<R\
\x16\x0b\x0a}\xc8\xee\x8br\x05\xc0\x816\xad\xd8\xbe0\
\xe97\x1f\xe3\xc1\x9f9\x9dq\xe3\x5c\x90\xaf4\x9e#\
\xc6,\x15\x83\xbc\x1b@:\x8b\x04R\xfc\xef\xf0\x1a\x02\
\xf8RW\xc57v\xdb}]N\x00\x1c\xa6\xabm\xdb\
\x8d\xa6b\xed\x06\xc4\x12\xd9\xb10v143\x0ck\
u\x9d\xec0lu<\xe3\x95\x1d\x02\x0306\xc1\xd3\
1\xaf\x22\xe0\xd1L,\xf0\x81B\x5c\x9b\x13\x00\x07\xd9\
\xd0\xba\xed\x8f\x89\xf0\x1d\x00!\xd9\xb10v)\xc6\x1b\
\xe6\xa1\xd4\xb6m\x1f7|\x0e=\x90\xb6\xbc\x8c\xa59\
\x01\x00&\x07\x7fU\xcbt\xdb\xb9\xf2\xff\x5c\xa5Q\xbb\
s\xb9\xc9\x96\xbe\xe1{\x08\xf4.\xd9\xb106\x1dV\
{5\xac\x85\xee8\xec'\x1b\x09KE\xbf\xa1\xa3J\
\xcb\xc8\x0e\xa5\xac\x19\x96\x82dF\x87_/\xe3\x7f\x07\
\xc2?\xa5'\xd4\xf7t\xd7\x7f=Q\xa8[p\x02 \
\xd9\xf6\x85\xdb\xc3\xc9!\xeb?\x08\xb4Ev,\x8cM\
\x8b\x100^\xef\xce\x8e\x7f\xd3q8\x13@\x956,\
;\x8c\xb27\x9c\xf2\x96k\x02\xd0\x07\x88\xf7wU~\
\xed_\x0b}\xa3\x12+\xe0\xb9\xcb\xb5-\xdb\x1a\x92~\
\xebA\x00<\xf83\xd7\xb0V\xd7\x82\xea\x02\xb2\xc3(\
\x98\xe3\x86\x17\xe3|D\xb0t\xa3\x19O\xb9\xb5\x06\xb6\
\x04\xe8+\x96\x8a\x85]\xf1\xc2\x0f\xfe\x00W\x00\xa4\xd9\
\xd8\xb6\xad\xc5\x22\xfc\x18\xe0#|\x99\x8b\x08\x01sk\
\xb3\xec(\x0a\x8aH\xe0P:\x88\x95\xbe\x11\xd9\xa1\x94\
7\x12\x18J\xfaP\x15(X\x05\xdcI\xf6)D\xef\
\xee\xac\xfc\xc6\xa3\xc5\xbciY\xa5WN\xb1~\xe5\x96\
M&\xe1!\xf0\xe0\xcf\x5c\xc6\x5cW\x07\xab\x84\x9f\xfe\
_\xf5b\xc6\x8fdy=}:\xd2p\xca\x07\xd3*\
\xdd\x86\x00\x165 e\xde\xdc\xf3H\xac\xa9\xbd\xd8\x83\
?\xc0\x15\x80\xa2\xebl\xdd\xfa>a\x89\xbb\x01p\x8d\
\x91\xb9\x8b\xaa\x94\xfc\xd3\xff\xabL\x02\x9e\x9f\x08\xa0\xc5\
7&;\x94\xb2f\x91\xc0@2\x80\xea\xe0\xb8\xecP\
le\xd2L\xa4\xadM0\xac\xe5\x00\x14}\x97\xe8\x90\
r\x08\x05'\x00E\xb4\xa1u\xdb\xc7\x01\xfc\xa9\xec8\
\x18\xcb\x85\xb9\xae\x0eT\xed\x97\x1dF\xd1\xbc\x90\x0eb\
\xb6'\x85\x88b\xc8\x0e\xa5\xac\x0dO\xf8\x10\xf5\xa5\xe0\
QM\xd9\xa1\xe4I\xc0\xb0\xe6!cu\xc1\xa0\xc5\xe7\
\xfc\xef\x14\x96\x15\x11'\x00\xc5!\xbaZ\xbb?M\xa0\
\xf7\xc9\x0e\x84\xb1\x5c\x90&`\x94\xc9\xd3\xff\xabL\x00\
{\x92at\x04\x87 \xb8;\x804D@\xefx\x10\
\x0d\x11w\xae\xc9 \x84aX\xedH[\xabaQ\xc3\
\x05\xfe\x1c\xd2\x169p\x02P`;w\xeeT\x87^\
H~\x95@o\x95\x1d\x0bc\xb9\xa2+\xeb\x80J\xf7\
\x1f\xf8\x93\xad\x1e\xd3\x83\x973^\xcc\xd4S\xb2C)\
k\x89\x8c\x8e\xd1\x09/\xc2\xde\x82\xf4\xc3)\x00\x05\x06\
-F\xc6Z\x03\xd3Z\x06\xba\xc8\x8c\xaf H\xdbs\
\xca\x09@\x01\xed\x5c\xba\xd33\xfc|\xf2\xdf\xc1=\xfd\
\x99\xcb\x99\x9d\xe5\xbb^u_*\x8c:m\x02\x1e\xc1\
U\x00\x99z\xc7\x83\xf0\xeb\x19h\x8a\x94\xe9\xf2i\x10\
0i6\x0ck\x052\xd6e L\xb3Q\x96\xe0\x04\
\xa0\xe4t\xad\xe8\x0a\x0e)\xc9\xff\x02\xd0%;\x16\xc6\
\xf2a-\x8f\xc3j*\xdf\xee\xd4IR\xf0x\xb2\x02\
\xeb\x02<\x15 \x93I\x02\xa7\xc7Bht\xd0T\x00\
\xc1\x03\xd3Z\x04\x83\x96\xc1\xa0\x15 \xca\xe9s2d\
w\x5c\xd3\xc5\x09@\x01t\xb4\xee\xa8 \x18?\x01\xb0\
Fv,\x8c\xe5\xcb\xdc8Sv\x08\xd2\x9d2<8\
4\xe1\xc7\x22oY\xecIw\xacdFG\x7f2\x80\
J\xbf\xbc\x7f\x07\x0b\x15g\x07\xfd\x150\xacE\x00\xf2\
=\xb7@\x9c\xb6#\xae\x5cp\x02`\xb3\xf5\xcb\xb6\xd7\
*0~\x06\xa0Uv,\x8c\xe5\x8b\x1a\x83\xb0\x16\x95\
^\xcf\xff\x5c<3\x11F\x95\x9a\xe1s\x02$\x1bH\
\xf8\xe1Q\x0d\x84=\xe9\xa2\xdc\xcfB\x05,k.\x0c\
Z\x00\xd3\x9a\x0f\x0b56\xdf\x81\x9e\xb1\xf9\x82\xd3\xc6\
\x09\x80\x8d6\xb4m\xaf\x07Y\xbf\x04\xb0@v,\x8c\
\xd9\xc1\xdc\xdc\x0c\x88\xd2m\xc4\x92\x0d\x02\xf0H\xb2\x02\
\xebC\x03\x08\x0a\xb7oIs\xb7\x9e\xb1\x10<\x91\x11\
x5{\xb7h\x8e\x9b*^\x1c\x0f\xe1\xe0x\x18\x07\
G\xc3xK\xc3\x0eTy~\x7f\xe5\xbe\xadH<]\
\xd8\x1bL\x8d\x13\x00\x9b\xac_\xb6\xbd\x16\x96\xf5\x00\x04\
\x0f\xfe\xac4P\xdc\x0bsU\xb5\xec0\x1c%I\x0a\
~9\x1eCg`\x00>\xc7.F+}\x16\x09\x9c\
\x1a\x09\xa31:\x02=\x87\xfe\x00c\x86\x86\x93\x13>\
\x9cL\xf9q,\x11\xc4\xd1D\x10\xc7\x92A\x9c\x99\xf0\
\xbe\xe6\xe7\xae\x8c\x11\xaa\x0a|2\xb1B\x5c\x01p\xb5\
\x8e\xf6\xee*\xc5\xb4~\x0e`\x91\xecX\x18\xb3\x8bu\
M\x03\xa0r;\xdc\xf3\x8d[*~\x9d\xa8\xc0\xb5\xc1\
A\xe8%\xbe3`\xcc\xd4\xd0\x9b\xf1\xa0'\xad\xa3\xcf\
\xf0 a\xaaHX*\x12\xa6\x82\x04\xa9H\x9a*2\
\xe7\xb5L\xf6\x08\x13\x9a\x004A\x08\xaa&\x82\xaa\x81\
\x80b\x22\xa8Z\x93\xff\xad\x98\x88h\x19\x04U\x0b!\
\xc5@H5\xa1\xe4\xf0{4H\xc1\xc9\xd1\x08\xea#\
#\xf0(\x93I\x00A`\xd4\xd00fh\x18\xcc\xe8\
\xe8\xcbx\xd1?\xe1A_\xda\x8b\x81\x8c\x07\xafL\xf8\
p2\xe5\xc3\x88\xa1O\xeb\x1eG\x12\x03\xb8\xb2\xa2\xa0\
;`\xfaw\xd4\xf9^*\xe4\x0d.\x86\x13\x80<u\
\xb6wF\x85I?\x03\xb0Lv,\x8c\xd9F\x110\
\xd7\xcc\x90\x1d\x85c\x0dY:\x1eL\xc4\xf0\xba\xc0`\
\xc9l\x0f\xec7t\x1cM\x05p4\xe9\xc7\xb1\x09\x1f\
\xced\xbcH\x9a\xb9t,\x9f\xde\xe0z\xae\x80j\xc2\
/,\xe8\x8a\x05\x8f \xf8U\x0b\x9a\xb0\xe0\x15\xbf_\
e\xb1H u\xf6|\x80\x94\xa5B\x15\x16\xc6I\xc5\
\x9899\xf0\xdbi\xf7\xd0)\xbc\xb9~\x85\xad\xd7|\
\x0d\xc2\x8f\x84\x90\xf7\x06\xe2\x04 \x0f\x9b\xaf\xd8\x1c1\
&\xd4\xfb\x00\xb4\xcb\x8e\x851;YmU\xa0\x8a\x02\
\xd7>]\xae\xcf\xd4\xf1\x8bD\x1cW\x07\x86\xe0w\xe1\
\x9a\x80\xb4%p \x11\xc23\xe3a\x1cH\x840l\
\xca\x1b\x0e\x12\xa6\x8a\x84\x03\x8fG9\x9e\x1a\xc6\xa9\xd4\
\x08\xea}\x91\x82\x5c\x9f ~P\x90\x0bO\x13'\x00\
9\xean\xef\x0e\xa4&\xf0\xdf\x00].;\x16\xc6\xec\
f^U/;\x04W\x1865\xdc?\x16\xc7\xda\xc0\
0*\xd5\xe2\xacJ\xcf\x87E\x02\xfb\x13A<:\x1a\
\xc3\x81D\x08\xe9\x12>i\xcf.\x8f\x0f\x9d\xc2\xf5u\
\x05I\x00\xc6F\x93\xde\xfb\x0bq\xe1\xe9\xe2\x04 \x07\
\xdd\xed\xdd\x81\xa4\x89\x1f\x0b\xd0U\xb2ca\xccn\x14\
\xf7\xc1Z\x1a\x93\x1d\x86k$I\xc1/\xc6+\xb0\xc2\
7\x86\x05\x9e\xa4#\x9b\x05\x8d\x9a*\x1e\x1a\x8e\xe3\xe1\
\x91\x0a\x0cMs\xfe\x9bMzh\xf0%\xec\xa8[\x04\
\xbbS%\x01|\xff\xad\xb3\x85\xd4\x1e\xd3\x9c\x00di\
\xe7\xd2\x9d\x9e!3\xf9=\x01\x5c#;\x16\xc6\x0a\xc1\
\xbc\xba\x9e\xb7\xfee\xc9\x82\xc0\xbeT\x18'\x0c\x1f.\
\xf3\x8d \xea\x90\x13\x04\xc7L\x0d\x0f\x0e\xc7\xf0\xc0P\
%R\x16/\xe8\xcc\xc5K\xc9!\xec\x1d>\x85\xf6\xa8\
\xadU1\x02)w\xdby\xc1\x5cp\x02\x90\x85\x9d;\
w\xaaC\x87\x93\xdf\x03a\xb3\xecX\x18+\x08E\xc0\
\x5c[';\x0a\xd7\xea3t\xdc7\x16\xc7BO\x02\
\x0b\xbd\x89\x0b.b+\x861S\xc5\xfd\x83Uxp\
8\x864\xf1\xc0\x9f\xaf\xef\x9e\xdeos\x02 \xbe\xff\
\xfa:\xef\xb36^0'\x9c\x00da\xe8\x85\xe4g\
\x01t\xcb\x8e\x83\xb1B\xb1Z*\x81\x98\xf7\xd2?\xc8\
\xa6dA\xe0@:\x88\xc3\x99\x00\x16x\x12\x98\xaf'\
\xe0-R\xcf\x80~\xc3\x83\x07\x87bxh8\x86\x09\
\x1e\xf8m\xf3\xc2\xf8\x00\x0e\x8d\xf7\x0f-\x0cV\xda\xd1\
\x16\xd3\x22a~\xdc\x86\xeb\xe4\x8d\x13\x80i\xda\xd0\xb6\
\xf5\xcf@x\x8f\xec8\x18+$s\x0d?\xfd\xdb%\
C\x02\xfb'\x8288\x11D\xa3\x9e\xc2lO\x0a5\
\xea\x84\xeds\xc9\x13\xa4`\xffx\x08\x8f\x8dV\xe0\xb9\
D\x08\xe4\xbc%\x08nG \xba\xa7J\xf5\x7f\x15\xc0\
n\x00y\x9d\x8bMD\x9f\xbf\xb16\xf8\x94=\xa1\xe5\
\x87'\xfa\xa6aC\xcb\xd6\xb7@\x88o\x81\x7f_\xac\
\x84\x91OC\xfa3k\x01\x9d\x9f\x1c\x0b\xc54\x05t\
\x13h\xf6&1\xd7\x9fD\xa5\x96\xfd\xce\x01\x8b\x04N\
\xa6\xbd8\x9c\x0a\xe2P\x22\x88\x83\x89 2\xc4_M\
\x05r\x0a\x8a\xb8\x03\x1b\xff\xf0\xc7\x00\xf0\xfd\x9e\xd4{\
AtO\x1e\xd7{v\x9c|W\xdeR'\xc6m\x8a\
//\xfc\xae\xb9\x84\xae\xb6\xee\xcdD\xf4#p\xb5\x84\
\x958s\xcd\x0c\x18\xb7q3\xcbB#\x00\xc7\xc7\x03\
8\x9e\xf0!\xa8X\x98\xe1I\xa1\xd6\x93FT5\x10\
T\x0d\x84\x14\xf3\x7f\xd7`\x1a$0fj\x1855\
\xf4\x1b:z\xd2\x1e\x9c\xc9xy\xfb^\xe1\x99\x80\xf8\
\x22H\xfd\x18\xb6\xbc\xe55\xe7\x0f\xff\xd7\xe9\xe4\xd7I\
\xe0m9\x5c\xb3\x87\x84Xwc\x8d\xef\x05\x9bb\xcc\
\x1b\x0fj\x17\xb1\xa1m\xcbeD\xf4\x9f\xe0\xdf\x13+\
\x03\xd6\x15v\x9fr\xc6.D\x00h\x0e&P\xe3\x9b\
\xc0\x91\xb1\x00^H\x06\xf1B2(;,6\x89@\
\xf8\x09\x84\xf8(6\xff\xe1\x05{\xf4\x1b\xb5\xbe\xdb\xd5\
\x9e\x94\x0e\xe0\xe6,\xae{Z@\xddtC\x8d\xc71\
\x83?\xc0\x15\x80)u.\xdf:G\xa8\xe2\x11\x00\xb5\
\xb2ca\xac\xd0(\xecA\xfa\xd3k\x00\x85\xbf\x12\x8a\
\xad\x7fB\xc7\xb1\xf1\x00\xc6mnc\xcb\xb2\x92\x00\xf0\
\xafP\x94\xcfa\xe3-\x97\x5c\x9dOD\xe2\x07=\xc9\
\xbb\x08\xe2\xafp\x895\x01\x02xH1\xe8\xcd;\x1a\
\x02/\xdb\x15\xac]\xf8\xd3~\x01\x1d\xed\xddU\xbaI\
\x0f\x83\x8f\xf5ee\xc2\xbc\xa6\x01\xc6[\xf8\xed.\x0d\
\x01\xbd\x13\x1e\x1cO\xf89\x11(\x1e\x0b\x02\xbf\x01\xe8\
\xdb0<\xdf\xc1\xb67\x0ff{\x81\x1f\x9cI\xcd\xb5\
@\x7fB\xc0\x1b\x04pn\xbb@\x02\xf0\x84 \xfa\xcc\
\xf5\xb5\xfe\xef\xc8\xec\xf7\x7f1\x9c\x00\x9c\xa7\xa3\xa3\xc3\
\xa7\x0f\x85\x7f\x05\xd0\x15\xb2ca\xacX2\x7f\xba\x12\
\xd6\xbc8\xff\xd5\xe5\x00\x00 \x00IDAT\xa8\xec\
0\x18\x80\xc1\x8c\x8e\x93\xe3~\x0cdt8\xb0\xa9\xa0\
\xdb\xf5\x02x\x00\xc0\xcfa\x88\x9f\xa1\xfb\x0fO\xdaq\
\xd1_\x12iC\xbd\xe3\xcbL\xd2jIP\x82L\xe3\
\xe0M3\xc2\xbdv\x5c\xbb\x908\xd5<\x8f6\x1c\xfa\
\x02\x0f\xfe\xac\x9cP\xdc\x0bkna\x0e;a\xd9\x8b\
\xe9\x19\xc4*2\x98x%\x85\x9e\x97\x09\xaf\xc4+\x91\
\x8a\xf8e\x87\xe5:\xbe\xa1$\x82\xbd#\x08\xbf2\x8c\
\xf0\xc9A\xf8\x87\xc6\xbf\xf7\xc4\x0f\xff\xf9&\x14\xe0i\
\xfc\x1a!\x0c\x00\xfb\xec\xben\xa1q\x05\xe0\x1c\x1b\xda\
\xb6\xde\x05\x12\xd2\xdb32VLfg#\x8c7\xce\
\x97\x1d\x06\x03\x00\x22\xa8\xfb\xfa\xa1<p\x02\xca\xc1!\
\x80\x08\x10\x02\xc3\x8dq\x9cY\xde\x80\x9e\xa5\x0dH\xc6\
y\xc1\xe0\xab\x04\x01\xbe\xc1q\x04{G\x11:3\x82\
@\xef\x08BgF\x10\xec\x19\x856\x91\xb9\xc0+\xe8\
\xa3\xf7\xef\xfb\x89#\x9a\xf08\x01'\x00gu\xb5n\
\xdf@\xb0\xfe\x07\x5c\x15ae&}W\x0bhI\x5c\
v\x18eM\xa4L(\xbf8\x01\xedW\xa7\x80\xfe\x8b\
\x9f\x0f\x93\x8c\x0710\xb7f\xf2?sj\x90\x0e\x97\
~\xe7F\xcf\xf8\x04\xfc\xfdc\x08\xf6\x8e!\xd0?\x8a\
@\xff\x18\x02}c\x08\xf4\x8eB\xcddu\x143\x11\
\xd1\x8d?\x7f\xfa'\xffU\xa8X\xdd\x84\x13\x00\x00\x9b\
Zw\xcc2a<\x09\xa0Jv,\x8c\x15\x13\xf94\
d>\xbb\x0e\xa4\xf1W\x81\x14\xa6\x05\xf57\xa7\xa1\xfd\
\xbf\xa3\xc0H\x0e\xc7\x09\x0b\x81\xb1\xda\x08\x06gUa\
lF\x14\xa3uQ\x8c\xd7Fax\xdd\xf5\x1c#\x08\
\xf0\x8c\xa6\xe0\x1b\x1a\x87\x7f \x81`\xdf\xe8\xe4@\xdf\
79\xd0k\xa9\x0b=\xcd\xe7l\xcc\x12\xea\x15\x0f<\
\xf5\xc3\xe7\xec\xbc\xa8\x1b\x95\xfd\xa7\xbec\xe9\xce\x90\xae\
'\x1f\x05\xb0Lv,\x8c\x15\x9buY\x0d2\xefZ\
*;\x8c\xf2C\x04eO/\xb4\xef\xbf\x08\xd1\x93\xb4\
\xf7\xdaB \x19\x0b`\xac.\x8a\xb1\xda\x08\x92\xb1 \
RQ?&\xa2\x01\xa4*\xfc0\xbc\xc5=\x0eXM\
\x1b\xf0\x8e$\xe1\x1d\x9d\x80g4\x05\xefXjr\xb0\
\x1fN\xc27\x94\x80o8\x01\xefp\x12\x8aY\xbc\x83\
\x93\x088\xa4{\xcd\xcb\x7f\xfa\xf8OG.\xfd\xd3\xa5\
\xcb]i\xa2\xfd\x84\xae\xa7\xbe\x01\x1e\xfcY\x99\xb2V\
T\xca\x0e\xa1\xec\x88\xe3c\xd0\xbfu\x10\xe2\xe8ha\
n@\x04\xff\xc08\xfc\x03\xe3\xa8~\xee\xd4\xef\xfd\xb1\
\xe1\xd5\x91\xaa\xf0#\x1d\xf2\xc2\xf4\xea0\xbc\x1a\x0c\xaf\
\x0e\xd3\xab!\xe3\xd7a\xf8<\xbf\xf7hH\x8a\x02\xc3\
\xabAM\x9bPL\x13j\xda\x848\xfb\xdf\x8aIP\
3\x06\xb4d\x06Z*\x0d=\x91\x86\x96\xca@O\xa6\
\xa1'2P\x8c\xacJ\xf4E!\x80\x85\xe6\x84\xf2-\
\x00\xd7\xa3\x8c\xf7Z\x94u\x05`C\xcb\xd6\xbf\x80\x10\
\xffWv\x1c\x8c\xc9@\x0a\x90\xfe\xd4Z \xe2\x91\x1d\
Jy0,\xa8?<\x06\xedg\xc7\x01\xabl\xc7\x1c\
\xa7\xf9\xf0\xfd\xfb~\xfcI\xd9A\xc8R\xb6\x09@g\
\xcb\xd6\xd7\x0b!\xbe\x872\xfe\x1d\xb0\xf2Fs\x22H\
\x7f\xb4]v\x18eA\x9cN@\xff\xf2s\x10\xc7\x0b\
\xf4\xd4\xcfre\x0aKt\xdd\xf7\xcc\x7f\xffBv \
2\x94\xe5\xb1_\xd7\xb6o\x9e+\x84\xf2\x0d\xf0\xe0\xcf\
\xca\x98\xd5\xc2\xe5\xffbP\x9f\xe8\x81\xfeW\xbby\xf0\
w&\x95\x14\xfan\xd7\x8a\xee\xd9\xb2\x03\x91\xa1\xec\x12\
\x80\xf6\xf6v]5\xb5\x7f\x03\x88\xdb\x9e\xb1\xb2f\xae\
\xe0M/\x05E\x04\xf5G\xc7\xa0}\xe59\x88\x94\xf3\
\xe6\xc1\xd9\xff\x8a\x93B\xdf_\xbdzg\xd9u[*\
\xbb\x04 n\xcc\xb8\x9b;\xfd\xb1\xb2\x17\xd2AM\xdc\
P\xa6`,\x82\xf6\xf5\x83\xd0~xt\xb2\x99\x0fs\
\xba\xb6p2\xf9Y\xd9A\x14[Y%\x00]\xad\xdd\
; \xf0^\xd9q0&\x9b\xb5\xb0\x02\xff{\xe8<\
\xb3\x97E\xd0\xbfv\x00\xea\xa3\xa7eG\xc2\xb2@\xc0\
;6\xb4v\xdf*;\x8eb*\x9b\x04\xa0k\xd9u\
M\x04\xfa\x1ax\xde\x9f\xb1\xc9\x04\x80\xd9\x8f\x08\xfa\x97\
\xf6Cy\xfc\x8c\xecHXN\xe8\xf3\xeb[\xb6\x94\xcd\
\xb1\x98e\x91\x00ttth\xa4\x19\xdf\x06\xc0\xab\x9e\
\x18\x03`-\x8c\xc9\x0e\xa1$i\xdf>\x0ce\x8f\xe3\
\x0f\x81cS\x0b*B\xf9\xf7\xf6\xf6\xf6\xe2vK\x92\
\xa4,\x12\x00}(\xf47\x80X+;\x0e\xc6\x1c!\
\xa8\x03\xf5<\xffo7\xed\x7f^\x82\xfa\xc0\x09\xd9a\
\xb0\xfc\xb5\xc7\xac\x19e\xd1\x1f\xa6\xe4\x13\x80\xf5+\xb7\
l\x02\xf0A\xd9q0\xe6\x14\xd6\xa2\x0aP\xc9\x7f\xf2\
\x8bK98\x08\xf5\xbf\x8e\xca\x0e\x83\xd9D\x10>\xd2\
\xd9\xba\xadCv\x1c\x85V\xd2_\x03\x1b\xdb7\xceP\
,\xe5[(\xf1\xbf'c\xd9\xe0\xf9\x7f\x9b\x8d\xa4\xa1\
}\xe5\x00\xaf\xf6/-\x8a\x00\xfe\xa9\xa3uGI\x7f\
XJz`\xb4L\xfdk\x00\xaae\xc7\xc1\x98\x93\xf0\
\xfc\xbf\xbd\xf4\x7f>\x041<!;\x0cf\xbff\x1d\
\xc6We\x07QH%\x9b\x00t\xb5l}\x1b\x80-\
\xb2\xe3`\xccQx\xfe\xdfV\xea\x13=P\xf6\xf5\xc9\
\x0e\x83\x15\xce\x8d\x1bZ\xb6\xbeEv\x10\x85R\x92\x09\
\xc0\xb5-\xdb\x1aH\x88\xbbe\xc7\xc1\x98\xd3Xs\x22\
<\xffo\x97\xa4\x01\xed\xdb/\xc8\x8e\x82\x15\x9a\x10\xff\
\xb8\xa1u\xdb|\xd9a\x14B)~\x15\x08\x0d\xe2k\
\x00\xb8\xce\xc9\xd8yhvXv\x08%C\xfd\xd9\xcb\
\xc0HZv\x18\xac\xf0B\x00\xfe\xa9\xa3\xa3C\x93\x1d\
\x88\xddJ.\x01\xd8\xd0\xd2};\x09\xda$;\x0e\xc6\
\x9c\xc8j\xe6\x04\xc0\x16c\x19\xa8?\x7fYv\x14\xac\
x\xd6\xe8C\xa1\x0f\xc8\x0e\xc2n%\x95\x00lj\xdd\
1\x8b\x04\xfd\xbd\xec8\x18s*\x9a\x15\x91\x1dBI\
\xd0~v\x9c\x0f\xf8)?\xbb6\xae\xdc>Ov\x10\
v*\xa5\x04@\x980\xbe,\x00~\xc4a\xecB\x22\
\x1eP\x85Gv\x14\xee\x97\xb1\xa0>\xf8\x8a\xec(X\
\xf1\xf9-\xcb\xfa*J\xa8\x9d|\xc9$\x00\x9dm[\
\xff\x08@\x97\xec8\x18s*k\x0e?\xfd\xdbA}\
\xec\x0c0\x9e\x91\x1d\x06\x93\xa3\xa3\xabe\xeb[e\x07\
a\x97\x92H\x00\xaem\xdf<W\x90\xf8\x84\xec8\x18\
s2k\x16\x17\xc7\xec\xa0\xfc\xfa\x94\xec\x10\x98D$\
\xc4\xdd\x1d\xab\xb6\xd4\xc9\x8e\xc3\x0e%\x91\x00\xa8\xa6z\
\x0f\x00\xde\xdc\xcc\xd8E\x10'\x00y\x13\x03\x13P\x8e\
\x8d\xca\x0e\x83\xc9\x15\xd33\xe2\xb3\xb2\x83\xb0\x83\xeb\x13\
\x80\xce\x96\xee\x9b\xc0\x0d\x7f\x18\xbb$\xde\x01\x90?\xe5\
\xc9\x1en\xf9\xcb\x00\x88\x9b\xbaZ\xbbw\xc8\x8e\x22_\
\xaeN\x00\xb6/\xdc\x1e\x16\x82>-;\x0e\xc6\x9c\x8e\
\xe2^ \xc2\x0b\x00\xf3\xc5]\xff\xd8\xab\x08\xf8\xa2\xdb\
\xcf\x0apu\x02\x90\xf2\xd3_\x02h\x90\x1d\x07cN\
g5\x85d\x87\xe0~\x19\x0b\xca\x8b#\xb2\xa3`\x8e\
A34d\xfeFv\x14\xf9pm\x02\xb0\xb1m[\
\x0b\x81\xfeHv\x1c\x8c\xb9B#'\x00\xf9R\x8e\x8e\
\x00\x86%;\x0c\xe6 \x02\xe2\x9d\x9d-\xdd\xebd\xc7\
\x91+\xb7&\x00\xc2\x22|\x11@\xc9\xb5fd\xac\x10\
\xa8\x91\xd7\xc8\xe6K9<,;\x04\xe6<\x8a\x10\xd6\
\x97\xdd\xda&\xd8\x95\x09\xc0\x86\xd6\xee\xdb\x00\xac\x91\x1d\
\x07cna\xcd\xe4\x05\x80y{yLv\x04\xcc\x91\
\xc4\x12}8\xf4v\xd9Q\xe4\xc2u\x09\xc0\xc6\xa5\x1b\
\xe3\x00\xf1\x9e\x7f\xc6\xa6KW@\xb5~\xd9Q\xb8\x9e\
r:);\x04\xe6T\x84\xbfY\x7f\xf9\xf5\x95\xb2\xc3\
\xc8\x96\xeb\x12\x00\xd3\xa3\xff=\x80*\xd9q0\xe6\x16\
\xd4\x10\x04D\xc9t/\x95\x83\x08\xa2'!;\x0a\xe6\
\x5cq5m|Lv\x10\xd9rU\x02\xb0\xbe\xb5{\
\x95 \x94L\x1bF\xc6\x8a\x81x\x01`\xde\xc4p\x06\
\xe0\xc3\x7f\xd8E\x10\xf0\x9e\xae\xf6\xeeE\xb2\xe3\xc8\x86\
\xab\x12\x00E\xd0\xdf\xa2\x84\x0eb`\xac\x18x\x0b\xa0\
\x0dF&dG\xc0\x1c\x8ft2\xe9S\xb2\xa3\xc8\x86\
k\x12\x80\xce\xd6\xee\xeb@\xb8Vv\x1c\x8c\xb9\x0d'\
\x00\xf9\x13\xe3\x86\xec\x10\x98;l\xe9j\xeb\xde,;\
\x88\xe9rE\x02\xb0s\xe7NU\x80\x5c\xddp\x811\
Yx\x0b\xa0\x0d\xc6\xf8\xf4?6=d\xd1\xa7\xdb\xdb\
\xdbu\xd9qL\x87+\x12\x80\xa1\xc3\xc9w\x00X*\
;\x0e\xc6\xdc\x86\xe2^ \xe8\x8a\xef\x22g\xe3\xe3\x7f\
\xd9t\x09,\x8a\x9b3\xde-;\x8c\xe9p|\x02\xd0\
\xb1tgHX\xf8s\xd9q0\xe6F\xd4\xc0\xe5\x7f\
;(\xa3\x9c\x00\xb0\xac\xfcyG{\xb7\xe3w\xab9\
>\x01\xd0\xb5\xc4\x87H\xa0$\xce^f\xac\xd8\xb8\xfc\
o\x93$\xaf\x01`Y\x89\xe9&9~[\xa0\xa3\x13\
\x80\x8d\xed\x1bg@\x88\xbbd\xc7\xc1\x98[\xd1L\xae\
\x00\xd8\x82\xb7\x00\xb2l\x11\xee\xd8\xbcbs\xa3\xec0\
.\xc6\xd1\x09\x80e\xea\x7f\x09\x80\x1fa\x18\xcb\x91\xd5\
\xc8-\x80\xed L\x92\x1d\x02s\x1b\x01\x9f\xa9h\x1f\
\x91\x1d\xc6\xc586\x01\xd8\xd8\xd2\xbd\x14\xe0\xa6?\x8c\
\xe5LW@u\xdc\x02\xd8\x0e\xc4\x09\x00\xcb\x01\x81n\
\xdb\xd4\xbac\x96\xec8\xa6\xe2\xd8\x04\xc0\x12\xb4\x0b\x80\
*;\x0e\xc6\xdc\xca\xaa\x0f\x02\x0a\xf7\xcd\xb2\x85\xc9\xc7\
\x00\xb3\x9cx\x0ca\xfc\x99\xec \xa6\xe2\xc8\x04`}\
\xdbuK\x00\xbc^v\x1c\x8c\xb9\x1a7\x00\xb2\x0dO\
\x01\xb0\x5c\x09\xc2\x1fnZ\xb1}\xa1\xec8.\xc4\x91\
\x09\x80b\x99\x7f\x06\x87\xc6\xc6\x98[X\xbc\x03\xc0>\
\x9c\x00\xb0\xdc\xa9\xa6\xe2\xcc\x1d\x01\x8e\x1bd;Wn\
]\x0c\x81\x9bd\xc7\xc1\x98\xdb\x11/\x00\xb4\x8d08\
\x01`\xf9\xa07v\xae\xdc\xbaXv\x14\xe7s\x5c\x02\
\x00K|\x14N\x8c\x8b1\x97\xa1\xc6\x80\xec\x10J\x06\
Y\xbc\x06\x80\xe5E\x15\x16v\xc9\x0e\xe2|\x8e\x1ah\
7\xae\xdc>O\x00\x7f ;\x0e\xc6\x5c/\xe6\x05\x85\
=\xb2\xa3(\x19Bq\xd4W%s%\xb1sc\xdb\
\xb6\x16\xd9Q\x9c\xcbQ\xefj\xcb\xa2\x8f\x01\xd0d\xc7\
\xc1\x98\xdb\xf1\xfc\xbf\xbd\xc8Q\xdf\x94\xcc\xa5\x84I\xce\
\xaa\x028\xe6m}m\xfb\xe6\xb9\x00\xbdYv\x1c\x8c\
\x95\x02j\xe4\x1d\x00v\x22\x95\xb7S\xb2\xfc\x09\xe0\xba\
\xb3\xbb\xdc\x1c\xc11\x09\x80b\xa9\x1f\x01?\xfd3f\
\x0b\xab\x89\x17\x00\xdaIp?\x05f\x0f\xa1\x90\xf9~\
\xd9A\xbc\xca\x11\x09\xc0\xa6\xd6\x1d\xb3\x04\x89\x9be\xc7\
\xc1X\xa9\xa0\x99<\x05`'\xae\x000\xdb\x10\xde\xb2\
~\xd9\xf6Z\xd9a\x00\x0eI\x00L\x18\xef\x03\x88\x0f\
-g\xcc\x0e\xba\x02\xaa\xe3\x1d\x00\xb6\xe2\x0a\x00\xb3\x8b\
\x80O\xe8\xd6\x1f\xc9\x0e\x03p@\x02\xb0}\xe1\xf60\
 n\x95\x1d\x07c\xa5\xc2j\x0a\x01\x82\x07,[\xf1\
.\x00f#Axw\xd7\x8a.\xe9e:\xe9\xef\xea\
\x94\x8f\xde\x0ePTv\x1c\x8c\x95\x0a>\x02\xb8\x00\xf8\
T\x12f\xaf8)\x9e[e\x07!5\x01\xd8\x85]\
\x0a\x04\xde#3\x06\xc6J\x8d\xc5g\x00\xd8\x8f\xa7\x00\
\x98\xfd\xee\xda\xb9s\xa7\xd4\xd4Rj\x02\xf0p\xcb\xee\
\xeb\x084Wf\x0c\x8c\x95\x1a\xe2\x04\xc0~\x9c\x000\
\xfb\xcd\x1e<\x9c\xda!3\x00\xb9S\x00B\xbcO\xea\
\xfd\x19+1\xa4\x00\xd4\xc0\x09\x80\xed8\x01`\x05 \
\x88>,\xf3\xfe\xd2\x12\x80\xce\x96\xedm\x00]%\xeb\
\xfe\x8c\x95\x22\xaa\x09\x00>\x9e\xb0\xb6\x9d\xc6\x09\x00+\
\x88U]\xad[\xd7\xc8\xba\xb9\xb4\x04@\x08\xfacY\
\xf7f\xacT\xf1\x02\xc0\xc2 \xdeU\xc1\x0a\x84\x84r\
\x97\xac{KI\x00\xbaV\x5c_\x03\x22>\xf4\x871\
\xbb\xf1\xfc\x7fa\xf0\x14\x00+\x14\xa2\xed\x1b\xda\xb6\xd7\
\xcb\xb8\xb5\x9c\xd6\xbbJ\xe6\xdd\x00|R\xee\xcdX\x09\
+\xe7\x16\xc0\xba\xb0\x10\xd7\xd3\x88\xebiT\xea\x13\x88\
j\x19\xe8\x82\xa0\x0b\x0b\x1e\x95\xa0\x80`\x90@\xdaR\
\x90\xb2\x14\xa4,\x0d\x03\x19\x1d\x03\x19\x0f\xfa3^\x8c\
\x99\x17\xf9:\xe4\x04\x80\x15\x8e\x062o\x05\xf0\xf1\xe2\
\xdf\xb8\xc8:::4\x1a\xc2;\x8a}_\xc6\xcaA\
9\xb5\x00\xf6\xab&f\xfa\xc6\xd1\xecK`\xb6\x7f\x1c\
Uz\x1a\x02\x94\xf3\xf5\xc6M\x15\xc7'\x028\x9e\x0c\
\xe2X*\x88\xde\xb4\xf7w\x7f\xc8\xad\x80YA\x89\xb7\
\xef\xc2\xae\xbf\xdd\x85]V1\xefZ\xf4\x04\xc03\x18\
\xdeD\x82\xa4\x94;\x18+e\x14\xd1AQ\xef\xa5\x7f\
\xd0\xc5\xbc\x8a\x89E\xc1Q\xac\x08\x0ea\xa6?\x01;\
\x87\xe5\xa0jbq`\x14\x8b\x03\xa3\x00\x80\xc1\x8c\x07\
\xfb\xc7#\xd8?\x16\xc5\x00W\x00Xa\xcd~\xb8m\
\xf75x\x0a\x0f\x14\xf3\xa6EO\x00H\xd0\xdb\x8a}\
O\xc6\xca\x01\x95p\xf9\xbf\xce\x9b\xc4\x95\x91\x01,\x0c\
\x8eB\x17\xc5yH\x8a\xe9i\xac\xab\xe8\xc3\xba\x8a>\
<\xd4l\xe2\xb1\xa2\xdc\x95\x95+\x02\xde\x01\x94p\x02\
\xd0\xb5\xe2\xfa\x1a\x82\xb1\x0dy\x94\xe9\x18c\x17F\xcd\
\xa5\x97\x004\xf9\x12X\x13\xed\xc3\xbc\xc0x^\xe5\xfd\
|\xf9'&\xa4\xdd\x9b\x95\x07A\xb8~s\xdb\xe6\xea\
\x9f>\xf5\xd3\xdeb\xdd\xb3\xa8\x09\x00\xa9\xe9\x9bA\x82\
O\xfdc\xac\x00\xac\xc6\xd2\xd9\x01P\xa9O`S\xd5\
\x19\xcc\xf6\x8d\xc9\x0e\x05\x00\xa0\xc8Y.\xcd\xca\x8b\xc7\
\xb4\xb4\xb7\x00\xf8\x87b\xdd\xb0\xb8ok\x02\x97\xff\x19\
+\x10jv\x7f\x02\xa0\x0b\x0b\xab\xa3\xfdX[\xd1\x07\
U8\xa7R\xa8p# V\x04\x04\xba\x1d\xc0gP\
\xa42y\xd1\xfa\x00t\xae\xec\xbe\x12\x10K\x8au?\
\xc6\xca\x09yTP\xad_v\x18y\xa9\xf7&q{\
\xc3\x8b\xb8*\xd6\xeb\xa8\xc1\x1f\x00TN\x00X1\x08\
,\xda\xd0\xba\xbdh\x9d\x01\x8bV\x01P,z\x9b\xb3\
>\xd2\x8c\x95\x90\xc6 \xe0\xd2nu\x02\x84U\xd1A\
\xac\x8f\x9dq\xdc\xc0\xff*\xc1\xdd\x95Y\xd1\xd0;\x00\
<\x5c\x8c;\x15\xa5\x02\xd0\xb5\xa2+H\x00w\xfec\
\xac@\xac\x99\xee\x5c\x00\xe8\x11\x16n\xac=\x81\xae\xf8\
i\xc7\x0e\xfe\x00\xa0\xf2\x1a\x00V4\xb4\xb3\xb3\xbd3\
Z\x8c;\x15%\x01 \xc5\xbb\x13@\xa4\x18\xf7b\xac\
\x1cQ\x93\xfb\x1a\x00\xf9U\x13o\x9aq\x1c\x0b\xcf\xee\
\xbbw2N\x00X\x11\x05\x14\xc3{C1nT\x94\
\xb75\x01\xb7\xb8\xb38\xc9\x8a\xcd\xd0uX\x9a\x0aS\
\xd7\x90\xf1x&\xff7\xaf\x06@\xc0TUX\x9a\x0a\
\x12\x02\x86\xe7w\x9bI,U\x83\xa5\xc9=\xd9Z\xb6\
\xba\xe6\x90\xadMq\x0a-\xaae\xf0\xa6\xba\xe3\xa8\xd4\
\xdd\xb1\xbdNp'@VD\x04\xf1&\x00\xdf(\xf4\
}\x0a\x9e\x00\xac_\xb6\xbdV\xc0\xe2c\x7f\xcb\x84\xa9\
\xa9H\xfb\xbd\xc8\xf8|\xc8x=\xc8x<\xc8\xf8<\
0^\xfd\xbf\xbd\xaf\xfe\xff:Lmr\x907u\x0d\
\x96\xaa\xc1\xf0\xf0cV\xaej\xeb\xcf\xb8&\x01\x88j\
i\xdcZ\xff\x12\xc2jFv(\xd3\xc6\x15\x00VT\
\x02\xd7\x5c\xdb\xb2\xad\xe1\x17O\xff\xf8d!oS\xf0\
\xb7\xb5\xaa\xd1\x0d\x04\xf0\x12\x1a\x97K\xfb}H\x05\x03\
\x98\x08\xfa\x91\x0a\xf9\x91\xf6\xf9\x90\xf6\xbf\xfa\x1f/\xd2\
~\x1f&\xfc>\x98:\x7fS\x16\x9b\xaeYP\xbc\xee\
\x18\xfe\x03\xaa\x897\xd5\xbd\xec\xaa\xc1\x1f\x00\x14\xae\x00\
\xb0\xe2R4\x88\x9bP\xe0\x9e\x00\x05\xff\xb6&\xd0\xce\
B\xdf\x83\xe5\x87\x14\x05\xa9`\x00\x89h\x08\xc9p\x10\
\xa9`\x00\xa9\xd0\xe4\x7f&\x82\x01\xa4\x82~X*\xe7\
pN\xe5\xf7\x9b\xb2C\x98\x16]X\xb8\xa9\xf6e\xd7\
\x94\xfd\xcf\xc5o\x7fVl$\xe8\x8dps\x020\xd9\
\xfa7\xf3\xbaB\xde\x83M\x8f\xa5*HD#HD\
\x82H\x86\xc3HD\x83H\x86CHDCH\x85\x02\
 Q\xdes\xe8n\x16\xf09?\x01\x10 \x5c_s\
\x12\x8d\xde\x84\xecPr\xa2\xe8\x5c\x01`E\xb7j\xe3\
\xca\xed\xf3\xee\xdd\xfb\xa3\xc3\x85\xbaAA\x13\x00KM\
\xdf \x88w\xd0\x16\x13)\x0a\xc6\xa3!\x8c\xc7\xa2\x18\
\x8bE1^\x11\xc1X,\x8aDE\x18\xe4\xd2}\xe2\
\xec\xe2\xfc~Cv\x08\x97tyd\x00\x0b\x5c\xb0\xda\
\x7f*\x0a\x7f\x8b1\x09L\xa2\x1b\x01\xfcm\xa1\xae_\
\xd8)\x00Rv\xf2\xc1?\x85\x93\xaa\x08`\xa4\xbe\x02\
\xa3\xf5\x15\xe8\x9fY\x87\x09\x0abB\xf5\xf3@_f\
\xfc\x0e\xaf\x00\xd4{R\xb86\xde#;\x8c\xbc\xa8\xbc\
\x06\x80I \xc8\xba\x01nL\x006\xb7m\xae6\x88\
\xb8\xfco\x93DU\x18\xc3\x8d1\x8c\x9e\x1d\xf0G\xeb\
+\x90\xf1{~\xff\x07'\x08\x18\x010&8\xf7*\
\x13\x01\x07\xaf\x01\xd0\x85\x85\xebkN8\xba\xc9\xcft\
\x08^\xdb\xca\xa4\x10\x97u\xad\xe8\x9e}\xdf3\xff}\
\xb4\x10W/\xd8\xdb\xda\x80zC!\xaf_\xca\x0c\x9f\
\x8e\xe1\x99\x95\x18n\x8cM\xfewS\x1c\x99\xc0\x05\x06\
\xfb\x0b\xf1\x12PM@LL&\x02#\x0aP\x9c\xe3\
\xd3\x99\x04\x02\x80\xcf\xc1\x15\x80u\x15}\x88\xe9i\xd9\
a\xe4M\xe53L\x99,\x02;P\xa0\xc5\x80\x85\x1c\
\xa0y\xf5\xff4MD\xfc\x18\x98S\x8d\xa1\xd9U\x18\
\x9c]\x85\xf1\xaap\xfe}\xdd5\x02\xe2\x00*\xcc\xc9\
$`X\x00\xce\x1d'X\x8e|>\x03\x8aC\x9f\xae\
+\xf54\xae\x8c\xf6\xcb\x0e\xc3\x16\x8a\xc2S\x00L\x0e\
\x12\xd6\x0dpS\x020Y\xfe\x077\xff\x99B\xaa\x22\
\x80\xc1\xd9\xd5\x18\x9cS\x8d\x819UH\xc6\x0bx\x8c\
\xab\x02\xa0\xc2\x02\xa2\x98L\x04\x868\x11(%\xc1\xa0\
s\x17\x00n\xaarv\x7f\xfflP\x89\xfc=\x98\x1b\
\x89\xd5]+\xae\xaf\xb9\xef\x99\x1f\xd8\xbe\x90\xa6 \x09\
\x80A\xdaV\x80\xb8\xfc\x7f\x96\xa5\xa9\x18\x9aU\x85\xfe\
y\xd5\x18\x98W\x8b\x91\x86X\xf1\x83\x10\x00\xa2\x16\x10\
\x060*\x80\x01\x85\xd7\x08\x94\x80`\xc0\x99\xd9\xdcL\
_\x02\xb3}c\xb2\xc3\xb0\x8dpM\x9fEV\x82\x14\
\x12\xe9.\x00\xffj\xf7\x85\x0b3H\x13m,\xf7\xcf\
\xcbX]\x14\xfd\xf3k\xd1\xb7\xa0\x16C\xb3\xaa\x9d\xd3\
\xab^\x01\x10% h\x01\x83\x00F\x1d\x12\x17\xcbI\
(\xe0\xcc\x0a\xc0\xba\x8a>\xd9!\xd8\x8a\xa7\x00\x98L\
$\xc4&\xb8!\x01\xd8\xb9s\xa7:\xf4Br\x83\xdd\
\xd7u:\x12\xc0h}\x0c\xbd\x8bg\xe0\xcc\x8a&\x8c\
W;\xfcxV\x8d\x80jLV\x05z\x050\xc1_\
pn\x14t`\x02P\xe7Ma\xb6\x7f\x5cv\x18\xb6\
2\xbc*\xf6\xdf\xb8\x0a\x95\x87O#~\xb8\x07\x9e1\
\xf7u3d\xee%\x80\x8d\xbb\xb0K\xd9\x85]\xb6.\
\xe9\xb6=\x01\x18<\x92Z%\x80J\xbb\xaf\xebD\x96\
\xa6`hV\xf5\xe4\xa0\xbf\xbc\x01\x13a\xbf\xec\x90\xb2\
\xe7!\xa0\x81~7-\xe0\xcc\x8a2\xbb\x00U%\xf8\
\xbc\xce\xfb\x07[\x1d\xed\x83(\xb1\xf9%3\xe8\xc1\xa9\
\xf6f\x9cjo\x06\x00\xf8\x07\xc6Qy\xf8\x0c\xe2\x87\
{P\xf9\xfcih\x13\xceK\xc4XI\xa9z\xb4e\
\xf7ex\x1aO\xd8yQ\xdb\x13\x00\xc5\xa2M\xa5\xf5\
\xd1\x7f-\x12\xc0\xe0\x9c\x1a\xbc\xd2:\x13=\xcb\x1a`\
\xf8Jd\x7fP\x98\x80\x80\x09\xf4(@\x92\xab\x01n\
\xe0\xc4\xf9\x7f\xafbbA\xa0t\xe6\xfe_u\xfe'\
\x22\x19\x0f\xe2\xc4\xe5sp\xe2\xf29P\x0c\x13\xb1\xa3\
}\xa8:\xf8\x0a\xaa\x0e\x9dF\xa0\xbf\xf4\xfe\xfeL>\
K\x11\x9b\x00\x87'\x00\x04\xb1\xa9\x14W\x97\x8d\xd5F\
pfy#^Y9\x0b\xc9X@v8\x85\xa1\x02\
\x98aMV\x03\xfa\xb9\x7f\x80\xd3\x05\x03\xce;Qo\
Ip\x14\xba(\xaf7\x8e\xa5\xa9\xe8\x9f_\x8b\xfe\xf9\
\xb58\xd4\xfd\xbb\xea@\xd5\xc1WP\xf9\xc2\x19(F\
y\xfd>X\x81X\xb4\x19\xc0_\xdayI[\x1f\xf5\
6.\xdd\x18\xb7t\xbd\x07%r\xfco:\xe8\xc5+\
+\x9bqr\xd5,\x8cWGd\x87S\x5c\x19LV\
\x03xm\x80c\xcd\x9b=\x8a\xfa\xda\xa4\xec0^\xe3\
\x96\x19\xc70\xd3\xe7\xce\x03\x7f.f \xe3\xc1\x1b\xf6\
^\x91\xf5\xeb\xb4\x09\x03\xf1\x17\xce\xa0\xe6\xb9S\xa8:\
\xf8\x0a\xf4\xa4\xfb\x9b\x221iL\xcb\xa3\xd7>\xf0\xc4\
\x0flk\xaeak\x05\xc0\xf2x6\x82\xc8\xf5\x83\xff\
HC\x0c'/\x9f\x8dS+\x9bai\xae\xff\xeb\xe4\
F\x07PoMV\x02F8\x09p\x22\xa7-\x00\xf4\
\xab\x06\x9aJp\xf0\xcf\x87\xe1\xd5\xd0\xb3\xac\x01=\xcb\
\x1a \x88\x10=>\x80\xda\xdf\x9e@\xcd\xb3'\xe1\x1b\
\xe6\xdf\x15\xcb\x8a\xaaf\xd2\x1b\x00\xfc\x87]\x17\xb45\
\x01\x10\xe4\xde\xf9\xffL\xc0\x83S\xed\xb3p\xe2\xf2\xd9\
HT9|\x05\x7f\xb1\x08\x00U\x16\xe0\x11@\x1fo\
\x17t\x14\x01\x84\x1c\xd6\x04h\x967Y\xb2\xbb\x7f-\
\xca\xffoFB`\xa8\xb9\x12C\xcd\x958\xb4u\x05\
\xa2'\x06Q\xb3\xff$j\x7f{\x02\xfe\x81\xd2\xda5\
\xc1\x0a\x84\xc4f84\x01\x10\x04\xb1\xc1m\xf3\xff\xc9\
x\x08/\xad\x9b\x8fS\xed\xcd0=\xdc\xbb\xe8\x82\x22\
\x04x,\xe04\xaf\x0bp\x8a\xa0\xcf\x80\xaa8\xeb\xb3\
6\xab\xc4\xb6\xfe\x9d\xcb\xf6\xdf\xb4\x10\x18n\x8ac\xb8\
)\x8e\x176-G\xb0g\x14\xb5\xbf}\x19\xf5{\x8f\
\xc3?\xc0\x8b\x08\xd9\x85\x11\xb0\xd9\xce\xed\x80\xb6\x8dx\
\x9d-\xdb[\x01k\x86]\xd7+\xb4\x91\x86\x18\x8e\xaf\
\x9d\x8f\xd3-\x8d \x85\x9fn/\xc9G@\x83\x05\xbc\
\xa2\x00\xcez\xf0,K\xe1\x90\xf3\xfe\x11\x9aK8\x01\
\xb0\x0a\x9ck\x8d\xd7\x84\xf1\xe2\xfa%xq\xfd\x12\x04\
{FQ\xbf\xf7%\xccx\xea\x18\xbc#\xa9\xc2\xde\x98\
\xb9M\xf5#+\x9fl\xc3^\xec\xb1\xe3b\xb6%\x00\
\x02\xd65v]\xab\x90z\x17\xcf\xc0\xb1\xab\x17a\xa8\
\xb9,Z\x15\xd8K'\xa0\xde\x04^Q'\x17\x092\
iB!g\xfd\x03\xe8\xc2Be\x09\x9c\xfa7\x15;\
\xa6\x00\xa6k\xbc&\x8c\x176-\xc3\xe1\x8d\xcb\x10{\
\xb1\x073\xf6\x1eG\xed\xfe\x13P\xb9\xd7\x00\x03`Y\
\xca5\x80\xc3\x12\x00(b-\xc8Y%\xc9s\x0d\xcc\
\xab\xc5\xe1\xae\xa5\x18n\x8a\xcb\x0e\xc5\xdd4L&\x01\
\xa7\x14 S\xaa3\xbe\xce\x17\x0e:+\x01\xa8\xf4\xa4\
K\xae\xf9\xcf\xb9H\xc2\xea\x06\x12\xc0\xc0\xdc\x1a\x0c\xcc\
\xad\xc1\x81\xeb\xdbP}\xe0\x15\xccx\xea%T\x1d:\
\x03a\xf1\x5c\x5c\xb9\x12\x82\xae\x02p\xb7\x1d\xd7\xb2/\
\x01 \xac\xb6\xedZ6\x9a\x1c\xf8\x97`\xb8\x89\x9f\xf8\
m\xa3\x02\x98A\xc0i\x00iN\x02\x8aMQ\x9c\xb7\
\x03\xa0R+\xed\xd6\xb8\xb2\x87[KSqfy#\
\xce,o\x84w$\x85\x19\xfb\x8ec\xc6\xdec\x08\x9d\
\x19\x91\x1c\x19+:\xc2:\xbb\xd6\x01\xd8\x92\x00l\x5c\
\xb9}\x9ee9k\xfe\xbf\x7fA\x1d\x8et.\xe1'\
\xfeB\xd1\x08\xa8#\xe0\xa4\xca\xed\x83\x8b,\xe8\xcf\xc0\
i\xcbV*=\xa5[\xfe\x07\x9c\xb5\xb4y\x22\xe2\xc3\
\xb1\xab\x16\xe0\xd8U\x0b\x1099\x88\x86'\x8eb\xc6\
\xd3\xc7y\x8a\xa0|\xc4\x1em\xdb\xbd\x1cO\xe1\xe9|\
/dK\x02@\x96\xb9\xd6\xe6\x9eB9\x1bi\x88\xe1\
\x85\xcd\xcb10\xb7Fv(\xa5O\x03Pwva\
\xa0\xecG\xa42\xe2\xc4\x05\x80a\xd5YS\x12v+\
\xe6\x1a\x80l\x8c4\xc40r}\x0c/lY\x8e\xba\
\xa7_F\xc3\x13G\x1199(;,V`&\xe8\
*\xc0!\x09\x80\x05e\x8d\xec\xf9\xbfTE\x00\x87\xbb\
\x96\xe2tk3\x1c\xfaY-M^\x02j\xcen\x11\
dE\x11\x0e;o\xb0\xd5\x85\x93\x9e\x91\xed'c\x0d\
@6\x0c\xaf\xfe\xbfg\x13DN\x0e\xa2\xe1\xc9\xa3\xa8\
\xdbw\x9c\x0f)*Q\x8a%\xae\x06\xf0\xb9|\xafc\
K\x02 @\xaf\xb3\xe3:\xb90\xbd\x1a\x8e\xbdn\x01\
\x8e]\xbd\xb0|\xbb\xf6\xc9\x16 \xa0\xc2\x02\x868\x09\
(\x06\xa7-\x00\x04\x00\xafR\xda% \xc3rv\x02\
p\xae\x91\x86\xd8\xd9J\xe8\x0a\xd4=}\x1cM\x8f\x1c\
\xe6\xb5\x02%\x86\x84Xc\xc7u\xf2N\x006.\xdd\
\x18\xb7\x80\x85v\x04\x93\x0d\x12\x02'\xae\x98\x83#\x1b\
\x96 \x13\xf0\x16\xfb\xf6\xec|1\x02R\x04\xa4\xdc\xf3\
E\xe9F\xaaB\x08\xf8\x9c\xb7\xe8\xc2#\x9c\x17\x93\x9d\
\xd2\xe4\xbe\xe4\xd6\xf0j\x93U\x81U\xb3\x11?\xd2\x83\
\xc6'\x8e\xa2\xe6\xd9\x93\x10\x0e\xde\xad\xc5\xa6\x8bft\
-\xbb\xae\xe9\xbeg\x7f\xf8r>W\xc9;\x01 U\
_\x0b\xa0\xa8\x9f\x8e\xe1\x99\x958p]\x1bF\xeb+\
\x8ay[v1\x02@\x0d\x01'\x00\xb8\xe8i\xc9m\
\xc2\xa1\x8cS\x96\xdb\xbc\x86\xe2\xc0\x98\xec\x94q\xf3{\
Z\x08\x0c\xcc\xab\xc5\xc0\xbcZ\x04\xfa\xc7\xd0\xf8\xd8\x11\
4\xec>\x06-\xe5\xbcJ\x12\x9b>\xd2\x8c+\x01\xc8\
N\x00\x8a\xb7\xff?\x13\xf0\xe0\xc5\xf5K\xf0\xf2\xeay\
<\xcf\xefD\x1a\x01q\x00}\xfc\x8fS(\x91\x883\
\xe7t\xd3%\xfe\x81tc\x05\xe0B\x12\x95!<\xbf\
\xb5\x05G:\x97\xa2a\xcf14?\xf4<|C|\
(\x91+\x91r\x05\x80\xef\xe6s\x89\xfc\x13\x00\xd0\x9a\
\x82\x7f\xf4\x85\xc0+\xad3qh\xdb\x0a.\xf7;]\
\x84\x801\x00\xdc\xc1\xb4 \xa2ag\xee\xb7/\x95\x01\
r*\x19\xb3\xb4\xfe~\xa6W\xc3\xf15\xf3\xf0\xf2\xea\
y\xa8:\xf8\x0a\xe6\xfc\xe29DN\xf0\xee\x01W\x11\
\xd6\x95\xf9^\x22\xaf\x04`\x17v)\x0f\xd3\xee\xb6|\
\x83\xb8\x98\xd1\x19\x15x\xee\x86\x95\x18i\xe0\xfd\xfc\xae\
Qe\x02'xA\xa6\xdd\x84\x00\x22\x0e\xdc\x02\x08\x00\
i\xb3\xb4\xff\xbd3%\x9a\xe0\x90\x98l\x8f\xde\xbbx\
\x06*^\xea\xc7\xac_\x1fD\xf5\xc1\xd3prWW\
v\x16\x89\xf6\xf6\xf6v}\xcf\x9e=9\xcf\xe5\xe4\x95\
\x00<\xd4\xf2\xc4<\x05J(\x9fkL\x85T\x05/\
\xad[\x80#\x1b\x96\xc0RK\xf3\xc3W\xb2<\x00\xc2\
\x04\x8c\x96vY\xb8\xd8\xc2!\x03\xaa\xea\xcc/\xe6\xa4\
U\xda\x09@\xda*\xfd\xef\xa0\xa1\xe6J\xec\xbbe-\
\x22'\x870\xfbW\x07P\xb3\xff\x14'\x02N&\xe0\
\xab\xa0\x86\xc5\xc0\x9egr\xbdD^\x09\x80\x22DK\
>\xaf\x9f\xcaHc\x0c\xfbo\xb8\x0ccu\xd1B\x5c\
\x9e\x15C\x8c\x801\xe1\xac\x16j.\xe7\xd4\xf2?\x00\
\x0cft\xd9!\x14T\xa6\xc4\xd78\x9ck\xa4\xa1\x02\
O\xbfy5BgF0\xeb\xd7\x87P\xb7\xef8\xef\
\x1cp(\xd52\xdb\x00\xc8I\x00\x04\xd0b\xe7\xdb\xc2\
\xd2T\x1c\xe9\x5c\x8c\x97\xaeZ\x08\x12\xe5\xf3\x81+I\
\x1aMV\x01F\xf8\xdf\xd1.\xd1\x88sWm\xf7\x19\
\xa5\xbd6\xa7\x1c*\x00\xe7\x1b\xab\x8d\xe0\xd9\x9bV\xe1\
h\xc7\x22\xcc\xfe\xd5A\xd4=\xfd2\x1fB\xe40\x04\
\xd1\x06\xe0\x9fs}}^\x09\x80\x05\xd1b\xd7\xd7\xfb\
pS%\xf6\xef\x5c\x85\xf1\xea\x82\xcc(0\x19\xa2\x16\
0R\xda\xa5\xe1b\x11\x82\x10u`\x07\xc0W\x0d\xa4\
K;\x01(\xd55\x00\xd31^\x13\xc6\xb37\xad\xc2\
\x91\xce%\x98\xf5\xebCh\xd8}\x8c\x13\x01\xc7\x10y\
\xad\xc1\xcb\xaf\x02 \xd0\x92o\x89\x97\x84\xc0\xd1k\x16\
\xe1\xc5\xf5\x8bAN;\xe1\x84\xe5G\xc7d\x97\xc0\x04\
W\x01\xf2\x15\x0a:w\xfe\x1f\x00\xc6L\x15)K\x81\
\xafD;\x02\xa6\xca\xb0\x02p\xbed<\x88\x03\xd7\xaf\
\xc4\xf1u\x0b0\xf7\xfegQ\xfb\xecI^# \x1d\
\xb5b\xb23HN\xff\x109\xbf\xab\xb7.\xdf\x1a\x03\
\xa11\xd7\xd7\x03\x93\xfd\xfb\xf7\xdc~\x15\x8elX\xca\
\x83\x7f\xa9\x8a\xf0\x17\x84\x1d\x9c\xfc\xf4\x0fL\xf6\xca\x7f\
)\x15\x94\x1dF\xc1\x8c\x1b\xf6\x9d\x9c\xeev\xe3\xd5!\
<\xf3\xa6+\xf1\xf8\xbb\xaf\xe5C\xd7\xe4\x8b\x5c\xdb\xbe\
yN\xae/\xcey\xd4\x9dPE\x0b\xf2\xe8Ivf\
y#\x1e\xbb\xb3\x13\x83\xb3\xaas\xbd\x04s\x03?\x15\
\xb9Odi\xaap\xf0\xfc\xff\xabJ9\x01H\x96\xf8\
6\xc7\x5c\x8c4\xc6\xb0\xe7\xedWa\xcfm\xaf\xc3H\
CLv8eK\xb5\x94\xa5\xb9\xbe6\xe7\xb4V\x00\
9\xed\x000\xbc\x1a\x0e^\xb7\x12\xaf\xb4\xcd\xcc\xf5\xd6\
\xccM\x04\x80\x10/\x06\xcc\x8b\x00\x22\xe1\xb4\xec(.\
\xe9X2 ;\x84\x82Ip\x020\xa5\x81y\xb5x\
\xfc=5\xa8\xfd\xedI\xcc\xbb\xffY\x04\xfa\xc6d\x87\
TV\x04\x89\xa5\x00~\x94\xcbk\xf3\xa9ke\x9d\x00\
\x8cW\x87\xf0\xcc\x9b\xd7`\xac6\x92\xc7m\x99\xeb\x04\
8\x01\xc8G\xc8o@\xd3\x9c?\x95\xd2\x9b\xf6b\xd4\
\xd4\x11V\x9d_\xad\xc8V\xd2\xe2)\x80\x8b\x12\x02g\
V4\xa2gi=\x1a\xf6\x1c\xc3\xbc{\xf7CO8\
w\xdbj)!\xc2\xe2\x5c_\x9b\xf3\xbb\x9a\x04Z\xb2\
9\x02\xfctK\x13\x9e\xbb\xbe\x1d\xa6\x97?He\xc7\
Oy,Sa\xd1\xa8\xf3\x9f\xfe\x81\xc9u\x00\xcf\x8e\
E\xb1:\xda';\x14\xdb%J\xac\x15p\xa1\x90\xaa\
\xe0\xc4\xe5spfY#\xe6\xfc\xe2\x00\x9a\x1e=\xc2\
;\x06\x0a\x8c\x14\xe4<\x05\x90\xeb\xbbZ\x08\x9a\xde\x11\
\xc0\x96\xaa\xe0`w+~\xfb\x86+x\xf0/W\x02\
\x80Ov\x10\xeeU\xe1\x82\xf2\xff\xab\x9e\x19-\xcd\xe6\
]\x09\x93\xbf\xbb\xb2\x91\x09xph[\x0b\x1e}\xdf\
\x06\xf4-\xa8\x93\x1dNI\x13\x84E\xbb\xb0+\xa7\xb1\
<\xa7\x17u\xac\xdaR\x0b\xe0\x92+~R\xd1\x00v\
\xdf~5^^3/\x97\xdb\xb0R\xe2\xe3\xa7\x80\x5c\
\x08\x01D\xa3\xce\xec\xff\x7f!\xbd\x19/NO\x94^\
\xb6\xc7k\x00r3^\x1d\xc6So]\x87=\xb7\xbd\
\x0e\xe3\xd5<\xf5[ \x81\x07\xdb\x1f\x9f\x9d\xcb\x0bs\
J\x00\xf4\x8c6\xf7R?38\xbb\x0a\x8f\xbfw=\
\x86gV\xe6r\x0bVjJ\xbbOL\xc1D\xc3i\
h\xaa\xbb\x92\xa7=\xa3\xa5wpW\xa9\x9fuPh\
\x03\xf3j\xf1\xd8\x9d\x9d8\xb2a),\x8d\x7f\x97v\
S\x0c%\xa7\xa7\xec\x9c\x12\x00\x12\xd6E\x13\x80\x93\x97\
\xcd\xc2\xde\xdb\xaeB:\xc8\xdf\xfa\xec,//\x00\xc8\
E\xac\xc2}\x0b\xea\x9e\x19\x8bb\xd4,\xad\xb3\x01\xc6\
\xb9\x02\x907KS\xf0\xe2\xb5\x8b\xf1\xc8\xfb7\xa0\x9f\
\xa7\x05l%\x84(^\x02\xa0\x10.\xdcx@\x08\x1c\
\xe9\x5c\x82\xe7n\xb8\x8cO\xf0c\xaf\xa5\x82\xfb\x01\xe4\
 \x16u\xdfJj\x93\x04\x1e\x1b*\x9d\xca_\xcaR\
ap'@\xdb$\xe3!\xec}\xeb:\xec\xbbe-\
&\x22~\xd9\xe1\x94\x04\x02]\xb2*\x7f!\xb9U\x00\
 ~\xeff\x86W\xc7S\xb7\xac\xc1\x8b\xeb\x97\xe4r\
IV\x0et\xae\x02d\xc3\xa3[\x08\x05\xdd3\xff\x7f\
\xae\xbd\xa3\x15%\xf3\xd4<\xc2]\x00\x0b\xa2w\xf1\x0c\
<\xf2\xfe.\x1c_;\x9f\x0f\x7f\xcbSQ+\x00\xe2\
\xbcl#\x19\x0f\xe2\xc9w]\x83\xbeE3r\xb9\x1c\
+\x17\xa51\x1e\x14M\xac\xc2=\xab\xff\xcf\x97!\x05\
\xbf\x1c(\x8d6\xb1Ci\x8f\xec\x10J\x96\xe1\xd3q\
h[\x0bv\xdf\xd1\x81\xf1\x9a\xb0\xecp\xdc\x8b\x8aZ\
\x01\xf8\xdd\x14\xc0X]\x14O\xde\xd1\xc1\xcd}\xd8\xa5\
q\x02\x90\x95\xb8\x8b\x13\x00\x00xz\xac\xa2$\xda\x03\
\x0f\xf3\x16\xc0\x82\x1bj\xae\xc4\xa3wn\xc0\x91\xce%\
\x5c\x0d\xc8\x05\x899\xb9l\x05\xcc\xfa\x05\x1dKw\x86\
\x00\xd4\x00\xc0\xc0\xdc\x1a<\xf9\xce\x0e\x9e\xc7a\xd3\xe3\
\xe0\xd3\xec\x9cF\x08w\xce\xff\x9f\x8b \xf0\xb3\xfe:\
\x98\xe4\xee/\xf4\xe1Li-ht*R\x15\xbc\xb8\
~\x09\x9e|W\x07\xc6\xab\xb9\x1a\x90\x15\x01\xdf\xa3\xed\
\x8f\xd6f\xfb\xb2\xac\x13\x00\xd5;1\x07\x80\xe8Y\xda\
\x80\xa7n]\x0b\xc3\xcb\x1f\x0e\xc6\xecV\x11I\xbb\xa2\
\xfd\xef\xa5\xf4\xa6\xbdxx\xa8Jv\x18y\x19\xe1\x04\
\xa0\xa8\x86\x9b*\xf1\xd8\x9d\x9d8v\xf5\x22\xae\x06d\
\x812j\xd6\x07\xecd_20\xad\xb9/\xaf\x99\x87\
g\xde\xbc\x9a\xf7s\xb2\xec\xf0gy\xda*\xe3\xee~\
\xfa?\xd7CC\xd58\x9a\x0a\xc9\x0e#g\xc3\xbc\x08\
\xb0\xe8,M\xc5\x0b\x9b\x96\xe1\xc9w]\xc3\xd5\x80\xe9\
R\x95\xa6l_\x92u\x02\xf0\xcc\x1b\xae\xb8\xfa`w\
+\x5c^\xd5c2\xf0N\xaai\x8bW\x94N\x02@\
\x00\xfe_O=\xc6\x5c:\x97>l\xf0\x22@Y\x86\
\x9b\xe2x\xfc\xbd\x9d8qENk\xdc\xca\x0aY(\
|\x05\xe0L[\x93\xfb\xeb\x92L\x0ew5\xb4\x93&\
\x140\xe0\xf3\x96\xd6/k\xdc\xd4\xf0\x83\xdeFW\xae\
\x07\xe0\x0a\x80\x5c\xa6\xae\xe2\xc0\x8e6\xec\xbby\x0d2\
\x01N\xc6\xa6\x22\x84(|\x05\x00\x84\xfa\xac_\xc3\x18\
\x00.\x1bMO)\x95\xff\xcf\xf5R2\x80\xff\xeai\
\x04\xb9\xec}\xc0\x8b\x00\x9d\xa1wI=\x1e\xbb\xb3\x13\
\x83\xb3\xabe\x87\xe2LDEH\x00\x04\xb8\x87#\xcb\
Mi=\xd4\x16Le\xac4\x13\x00\x008\x94\x08\xe3\
g\x03\xee\xfa\x0a\x19\xce\xf0S\xa7S\xa4\xa2\x01\xec~\
\xc7U8\xd4\xdd\x0a\xe2n\xb3\xaf%\xb2\x7f8\xe7\x0a\
\x00+\x1ew6\xb5+*\x9f\xd7tm\xf7\xbf\xe9\xda\
3\x12\xc3\xfd\xfd\xb5 \x97\xac\x0a\xed\xe3F@\xce\x22\
\x04\x8e\xaf\x99\x87'\xef\xe8@2\xee\xfe>\x13\xf6\x11\
Yw\xde\xca%\x85rW\xfa\xce\x9c\xc3\x94\x1d\x80\xf3\
\xd5T\xa5d\x87P\x14\x8f\x8fT\xe2G\xbd\xf5\x8e_\
\x130fh|\x12\xa0C\x0d7\xc5\xf1\xd8{;\xd1\
\xbb\x98;\xd0\x02\x00\x81\x0a\xdc\x07\xe0\x7f\xfe5\x02\xc0\
\xbd\xfby\x98\x5c\x86\xb3\xbf\xec\x9d\xa0\xba\xb2t\xcb\xff\
\xe7\xfb\xedX\x14\xffy\xa6\x09irn)\xb77\xcd\
'\x9a:\x99\xe1\xd3\xb1\xef\xe65xa\xd326\xaa\
\xee\xf6\x00\x00 \x00IDAT^b\x04\x84\xbaV\
teU\x12\xc9\xee\x93\xa7Pi4\xf7f\xc5G\xe0\
\x0a\xc0%\x04\xfc\x06\x82\x81\xd2.\xff\x9f\xefH2\x84\
\xaf\x9f\x9c\x8d3\x0e\x1dh{\x1c\x1a\x17;\x87\x108\
v\xf5\x22\xec\xbbu\x1d2\xfer\x9f\xae\xf1f5F\
g\x99z[\xf1\xec~\x9e\xb1\xb3\xcak\x5c\xcbIM\
U\xf9<\xfd\x9f\xab?\xe3\xc57O\xcd\xc1\x93\xc3\xce\
\xfbz\xe9\xe3\x04\xc05\xfa\x16\xd4\xe1\xb1;;1\xd2\
\x10\x93\x1d\x8aDf\x01\x13\x00\x0b\xa5s\xc87+\xae\
4\xd7\xe7.\xa5*^\x1e\xf3\xff\x17b\x90\xc0\xbd\x03\
u\xf8^O\x13F\x1d\xd40\xa8\x97\x17\x00\xbaJ\xaa\
\x22\x80'\xdf\xd9\x81S\xed\xcd\xb2C\x91\xc2RDV\
}\xb7\xb3\xac\x00\x90\xf3Rt\xe6\x0e\xe5\xf9p;m\
\xa1\xa0\x81\x80\x9f\xe7H\x0e\x8e\x87\xf1\xc5\x97\xe7\xe1\xc1\
\xc1jG,\x10\xe45\x00\xeeci*\xf6\xdf\xb8\x0a\
\x87\xb6\xb5\x94\xddY\x02\x82\x90U\xf9\x83\x13\x00V\x1c\
\x13\xe5\xf5A\xccV\xb9\xac\xfe\x9f\x8e\x0c)xp\xa8\
\x1a_;9\x07\xfb\xc7\xa3R\x1b\x07\xf1\x14\x80{\x1d\
_;\x1fO\xbdu]Y\x1dXG\x10\x15\xd9\xfc|\
v\x09\x80P8\x01`\xb9\xe1\x0a\xc0\x94\x84 N\x00\
.\xa07\xe3\xc5\x0fz\x1a\xf0\x85\x13\xf3\xf0\xe4p\x5c\
JE\xa0w\x82\x13\x007\xeb\x9f_\x8b'\xdf\xd9\x81\
TE@v(E!\x14*`\x05\x80\xacr^]\
\xc1r\x95\x01`q\x05`*\xf1X\x1a\x1e\x9d\xdb$\
Ne\xc8\xd0q\xef@\x1d>\xf3\xf2\x02\xfc\xa4\xaf\x1e\
/\xa7\x8a\xf7e\xceS\x00\xee7V\x17\xc5\x13\xef\xbe\
\xa6<\x16\x07ZJ4\x9b\x1f\xcfn\xb5\x8d\x10Y]\
\x9c1\x00@\x8a\x07\xff\x8b\xa9\xabJ\xca\x0e\xc1\x15\x92\
\xa6\x8a\xa7F+\xf0\xd4h\x05\xaa=\x13X\x18\x18\xc1\
,\xdf8\x1a}Ih\xc2\xbe3\xca\x86\x0c\x1dG\x92\
a\x1c\x1c\x0fc\xc2rn\x8f\x026}\x13a?v\
\xdf~5\x96\x7f\xe7\x09T?wJv8\x05CY\
V\x00\xb2\x5cn+\x82\x93\x1b\xba\x19\xcbB\x82\x13\x80\
\xa9\xe8\xba\x85x,-;\x0c\xd7\xe9M{\xd1\x9b\xae\
\xc6oP\x0dM\x10\x1a|\x09\xd4{\x92\x88\xebiT\
\xe9iT\xeai\x04\xd4\x8b\xef=\xcd\x90\x82!C\xc7\
pF\xc7\x99\xb4\x17\xa7'\xfc8\x95\xf6c\xd8\x98\x9c\
3\x1e\xc98g7\x02\xcb\x9f\xe9\xd1\xf0\xf4[Vc\
\xee}\xfb1\xfbW\x07e\x87S\x10\x8a\x85\x02V\x00\
\x00n\xbc\xcc\xb2\xc7\x09\xc0\x94j\xabR(\xb3\x85\xca\
\xb63H\xe0\xa5d\x10/%_\xfb\xf5$\x04\xc1+\
\x08^\xc5\x80G!h\x820a)0I e)\
\x98\xb8D\x8b\xdf\xa4\xc9-\x80\xddJW\x08>\xc5\x84\
W3\xe1\x11\x04]\xb1\xa0\x9f}\x0f\xe8;\x1a\x90\xae\
\xca\xc0\xf3\xfd\x17\x01*\xad\x07Z\x12\xc8j~,\xcb\
\x04\xc0\x0a\xc2%\x07x0\x87H\x08.\x1a]Dm\
5/\xfe+\x14\x22\x81\x14\x09\xa4\xac\xdc\xf6\xf2s\x02\
\xe0l\x8a\x00\x82\x9a\x81\xa0j \xa8\x99\xf0k\x16\xbc\
\xaa\x05\x9fbB\xbd\xd8\x94\x90\x0f\xa0\xcd3\x91\x09\xeb\
\xd0\xff\xe9P\xa9%\x01\xfel~8\xdb)\x80\xf2X\
J\xc9\xec\xc3\xd3\xdbS\x8a\x84\xcb\xaf\xf5\xaf\x9b$M\
\x9e\xffw\x0aE\x00\x11-\x83\x88n \xa4\x99\x08\xea\
\x06\xfc\x8a\x99\xd7\xf3\xa8\xb5n\x062~\x0d\xfaW\x9f\
\x032%\xb3\x08\xb7\x90\x15\x00\x9e\x02`Y\x1a\xe7\x8a\
\xd1T\xeak\x13\xb2C`\x17\x914x\x0d\x80,\xaa\
 Dt\x03\x11}r\xd0\x8f\xea\x19(\x05\xf8*\xb1\
\xda\xab\x91\x0e\xb5@\xbf\xe7\x19\x88TI4\xe2*d\
\x02\xc0\x8b\x00Y\x16\x92\x82O\x00\x9c\x82G\xb7\xca\xea\
\xe4?7Jq\x05\xa0\xa8|\xaa\x85\x98'\x8d\xb8'\
\x8d\xb87S\xb4\xc9fZX\x81\xcc\x07\xdb\xe0\xf9\xcc\
\xd3\xc0X\xa6Hw-\x98B&\x00\xc4\x9bb\xd9\xf4\
\x8d\xf2\xe0?\x95\xfa\xba$\x84\x8d[\xd7\x98\xbd\xd2$\
`8\xa0\x15q\xa9\x0bi&\xaa|\x13\xa8\xf4d\x10\
\xd4\xe4M\x87\xd1\xec0\xd2\x7f\xd2\x06\xcf\xdd\xfb\x80\x11\
\xf7\xee\xca\x11T\xd8)\x00\xae\x89\xb1\xe9\xb1\xc0\xe5\xff\
)(\x0aPW\xc3\x8b#\x9c,i\xf0\x02\xc0B\xd1\
\x14B\xb5w\x02\xf5\xfe\x09\xa9\x83\xfe\xf9\xa8!\x88\xf4\
\x87\xdb\xa0\x7fr\x1f\xc4\xb0;\xabs$\x90U\xdf\xe3\
lk\x5c\xfc\xa9`\xd3\xc3\xab\xff\xa7T\x1dOq\xe7\
?\x87\x1b\xe7\xf9\x7f\xdb\x854\x03\xf3\xc3\xe3\xb8\xb2r\
\x00\xf3\xc3\xe3\x8e\x1a\xfc_Eu\x01d>\xd8\x0a\x8a\
\xb8\xf6\xfc\x80\xac\xc6\xe8l\x13\x00\xfeT\xb0\xe9\x19\xe6\
\xf9\xd3\xa9\xd4\xd7\xf1\xd3\xbf\xd3%\xb8\x02`\x0bE\x10\
\xea\xfd)\x5cV9\x84\x95\xf1a\xcc\xf0\xa7\x0a\xb2\x98\
\xcfNT\x1f@\xe6\xc3+\x81\x88\xfb\x8e\x82&N\x00\
\x98t\x13\xe0\xc3\x7f\xa6\x10\x8d\xa4\x11\x0e\xb9~\xa1Q\
\xc9\xe3\x0a@~4A\x98\x19H\xe0\x8a\xca!\xcc\x0b\
\x8f#\xa0\xbak\x85=\xd5\x05\x90\xbe\xab\x15\x08\xb9\xab\
\x12 \xb2\x1c\xa3y\x0a\x80\xd9\x8f\x9f\xfe\xa74\xb3\x81\
\xb7\xfe\xb9\xc18W\x00r\x22\x04a\x86?\x85U\x95\
C\x98\x15JBW\xdc;\xd5E\x8dAd>\xd8\x0a\
\x04]\x95\x04p\x05\x80Id\x82\x17\xffM!\x1c\xca\
 \x16u\xef\x0a\xe3r1a\xaa\xbc\x03 \x07\xb5\xbe\
\x09\x5c\x1e\x1f\xc6\xfc\xf0\xb8\xab\x07\xfesYM!\xa4\
?\xd8\x0a\x04\x5c3\xf4\x154\x01(\x8d\x7fUV8\
C\x0a/\xfe\x9bB3?\xfd\xbb\x02?\xfdg'\xa8\
\x99h\x89\x8d`ad\x0c^\x97\x95\xfa\xa7\x83f\x86\
\x90y\xefr@sEe3\xabo\xdfl\xffF\xce\
[\xb6\xc9\x9c\xc3\x02\xef\xfd\x9fB(h \x1e\xe3\x85\
\x11n\x90\xe0\x06@\xff\xbf\xbd\xfb\x8e\x8f\xab:\xf3?\
\xfe9\xf7N\xd5\xa8K\x96\x9bl\xdc\x8d\x0d\x18\x1b\x07\
\x08&\x10\x086\xa6\xa7\xc2&\x9bM\xb2\xe9\xbb\x10H\
!\xd9\xcd&\xbb\xbf\xf5f[H#\x09\x84\xb0\xc4\x94\
\x94M6\x98\x120`0\x86\x98b\x03\x06\xf7\xde-\
\x17Y\xc5\xaa#\x8d\xa6\xdd{~\x7f\x98$\x06\x5cT\
f\xe6\xcc\x9dy\xde\xaf\x17\xaf\x10\xe1\xb9\xf3\xb5-\xcd\
}\xee)\xcf\xe9\x17\x0b\xcd\x84\xd2\x18\xe7TwR\xe1\
/\xecu-\xee\x94JR\x7f\x7f\x06y\xbf\x82q\x80\
\xab\xaf\x06:\xae\x91\x04B\x03|\x8d(\x16\x9d\xaa\xdf\
cDv*M \x9e$\xd0\xd7\x87?\x91<\xfaO\
<N \x9e\xc4\x1fO\xe0K\xa4Ph\xfc\x89$\xca\
\xd5\xd8\xa94\x96\xeb`\xa7\x1d\xecT\x1a\xe5\x0el0\
\xca\xf1\xfb\xd1\x96\xc2\xb1-\x5c\xdbw\xf4\xdf\xfd>4\
\x90\x0e\x06H\xfb\xfd8~\x1fi\xbf\x0f\xc7\xe7;\xfa\
\xb5\xc0\x9b_\x0b\xf8H\x05C\xa4\x82~R\xc1 \xae\
=\xf0\x1b\xc4\xd8Q\xbd\x03~\x8d0C\x16\x00\x9eZ\
\x99?\xc5\xd4\xb2^J|\x85\xf7\xc4\x7f\x22\xee\xccZ\
R\x9f\x98\x82\xff\x97\xdbMG9\x99\x01\xcd1\x0e\xf4\
;\xbd\xb0\xcb<1x.\x7f^\xfcg9.\xa1\xde\
\x18\xa1h/\xe1h\x0f\xe1h\xec\xcd\xff\xed%\xd4\x1b\
\xc3\x1fOb9\xb9\xfd\xe0\xf0'27\xf7\xee\xf8}\
\xa4\x82A\x92\xa1\x00\xa9P\x90T0@*\x14 \x15\
\x0c\x1e\xfd\xff\x01\xff1_\x0f\xe2\xaf\xb2\xa9\xad\x96\xa7\
\x7f\xaf\x88J\x01pR\xa3\xc3q&\x94\xf5\x16\xe5\xb9\
\xb0\xee\xc5\xa3p\xba\x93\xd8\x8f\xee5\x1d\xe5D\xb2Z\
\x00\xc8\x0a&\xf1g\x81h\x82\xb2\xa6.J\x9b:\x09\
\xb5\xc6);\xd0I\xb8\xa7\x87`o\x1f\xaa\xb0\x8e\xd8\
|\x0b;\x95\xc6N\xa5\x09\xf5\xf4\xef\xa9>\xfd\xf7g\
\xe2\xa8aYN%2\xc1\xd1\x8a\x98\x1c\x03|\x5c~\
K3\xb5<Ju\xa0\xb8\x9f\x03\xd3\xd7\x8c\x83h\x0a\
{\xd9A\xd3Q\xdeIe\xb3\x00\xd0\xe4\xee\x84\x06\x91\
7\x94\xe3R\xd2\xd6Kis\x17\x91\x96n\xca\x0fu\
P~\xb0\x93`T\x1a\xda\x9c\x8a\xae\x8f\xe0\x9e#7\
\x7f\xaf\x88\xa6}\xb2\x88\xf58J}i\xce\xa8\x88\x12\
\xb4e\x1d8\x80\xf3W\x93Q\x1d\x09\xac\xd5\xad\xa6\xa3\
\xbc\x85\xd2*\x8b\x05\xc0\x00\xab\x0b\xe1M\xc1h\x1f\x95\
\xfb\xda\xa8\xdcw\x84\xaa}G(m\xea\x1e\xf0\x9c\xbb\
8*\xfd\x91\x89hYS\xe6\x19=)y\xfa\x7f\xbb\
\xda`\x92\xd3\xcb\xa3\x1eX\xff\x96;\xda\x82\xd4\xe7\xa7\
\xe3o_\x8b\xb5\xb7\xdbt\x9c?\xd3\xe8\xac\x16\x00)\
\xa9\x8e\x0bO\xb8\xbd\x97\xca\x86\xa37\xfc\xca\x86#\x94\
\xb6D\xa1\x80\x87\xf0s\xc5\x9dT\x81{V\x8d\xe9\x18\
b\x00\xa2)O5}\xc9\xba\xfa7\xe7\xfb\xc5q\xf8\
-\xd27\x9f\x89\xff?V\xa3\xda\xf3f\x8dO6\xa7\
\x00TR\xc6\xc7\xbc/\xd4\x19\xa3fg3\xb5;\x9a\
\xa8\xdcw\x84@O\xde|\xf3\x16\x14\xe7\x83\xe3MG\
\x10\x03$\x0b\x00\xffbL\xa4\x8f\xf1\x11\xe9]q2\
\xba\x22H\xfa\xc63\xf1\xdf\xb6\x16Ry1J\x9a\xcd\
E\x80\x03\x1b^\x10\xf9A9.U{[\xa9\xdd\xd1\
L\xed\xf6\xc3DZ\xa2\xa6#\x15<=\xbd\x1a\xf7\xf4\
*\xd31\xc4\x00\xa4\x5c\x8b\xb8\xf4\x00\x00`bi/\
\xa3K\xe2\xa6cx\x82;\xbe\x9c\xd4\xe7\xa6\xe1\xbf{\
K\x1e\x8c\x9cfs\x0a\x00\x95\x92\x11\x00o\xb0\x93i\
jv4S\xb7\xe5\x10\xb5\xdb\x9a\xf0\xf7I\xed\x96K\
iy\xfa\xf7\x9c\xa8t\x00\x04`|iLn\xfe\x03\
\xe4\xbe\xab\x0e\xe7\xea\x1e\xec'\x1a\x8c\xe6\xd0X\xd9,\
\x00\xdc(\xb2\x0d oYi\x87a[\x0e3b\xc3\
\x01j\xb77a\xa5\x8b\xa7IG>\x19qQ%\x93\
\xceJ\xd3\xe1t\xd3\xe9\xf8\xe9p}t;~\xe4o\
#\xbfu'e\xfe\x7ft\xb8\x8f1%\xb2\xbbg0\
\x9c\xf7O@5\xc6\xb0\xd6\x98\xdb\x19`\xe9\xacv\x02\
T\x1d\x03\xfb\xf5\x22\xdb\x94\xe3R\xb3\xab\x85\x11\xeb\x0f\
0l\xcb!|\x09\xe9\xd6l\x92\xed\xb7\x98\xf1\xd1a\
\x94\xd8)j\xed\x14p\xf4\xc3\xd4\xd1\x8a#n\x80\xc6\
T\x80\x83\xe9 1W\x9e6\xf3MW\x91\xcf\xff\x0f\
\x0f%\x98X&s\xfe\x83\xa5-H}v\x1a\x81\x96\
>\xd4\xc1\x1e3!\x94n\x1f\xc8/\x1f\xe8.\x80\x0e\
\x99\x01\xc8\x0f\x91\xd6\x1eF\xad\xde\xc7\xa85{\x09D\
e\x11_\xbe\x98t]\x0d%u\xef|\x92\xb4\x95f\
\xb8\x9d`\xb8\x9d`\x16Q:\x1d\x1f\xfbRa\xf6\xa5\
B$d\x9f\xa0q\xae\x86h\xaax\x0b\x80R_\x9a\
\xc9\xb2\xda\x7f\xe8B6\xa9\x9b\xcf\x22\xf0\xefo@O\
\xee\x1b&i\x18\xd0C\xfa@\x1b\x01u\x0e\xe8\xd7\x8b\
\x8c\xb2\x13iFl<\xc8\xa87\xf6R\xd9\xd0f:\
\x8ex\x9bp\xad\x8f)\x1f\xec\xdf\xb6\xbfJ;\xcdL\
;\xcaY\xa1(\x8d\xa9\x10\xbbSa\x9a\xd3\x81,'\
\x14'\x12M\xfbq\x8b\xf4\x08\xe0\x80\xe5rFE\x14\
K\xc9\xd3]&\xe8\xda\x10\xa9/L\xc7\x7f\xfb\x86\xdc\
/\x0a\xd4*\x8b#\x00\xe8\x0eY\x03\x90{\xe1\xf6^\
\xeaW\xede\xf4\xeb{\xf0\xc7d1_\xbe:\xebo\
G`\x07\x07\xf64o\x03c\xfcq\xc6\xf8\xe3\xb4;\
>6'J9\x9c\x0e\xa0\xe5\xe7,\xa7\xba\x8at\xff\
\xbfB3]:\xfce\x9c{F5\xceG&`/\
\xda\x9d\xd3\xf7UY\x1d\x01PV\x87\xf9m\x0e\xc5\xa3\
\xb2\xa1\x8d\xb1+vR\xb7\xe9PA\xf7\xd6/\x04#\
\xcf+c\xd4\xf9\xe5C\xbaF\xb5\x9d\xe6\xa2\x92N\xda\
\x1d\x1f\x9b\x92\xa5\x1cN\x053\x94N\x9cJw\xb28\
\x87\xffO\x8b\xf4Q\xee\x97uC\xd9\x90\xbeb,4\
\xf6b\xafh\xca\xdd\x9b*7\x8b#\x00.\x9d\xf2`\
\x92]\x96\xe32j\xf5>\xc6\xbe\xbc\x93H\xab\xec\xd7\
\xf7\x02_\xd8\xe2\xec\xcf\x8c\xc8\xd8\xf5\xaa\xed4\x17\x87\
;i\xf4\x07Y\xd3WF\xaf\x96\x05\x83\xd9\xa4\x81\xee\
\x22\x9c\xff\xaf\xf0\xa7\x19\x13\x91\x15\xff\xd9\x94\xfe\xe4T\
\xacC\xbd\xa8}9\xfa,w\xb39\x05\xa0\xb4\xec\x02\
\xc8\x92?\xdd\xf8\xc7\xffq+\xa1N\xf9\xa1\xf4\x923\
>>\x9cPM\xe6\x87\x90G\xf9\x12\xd4\x95&\xd9\x9a\
\x8c\xb0=\x11\x91m\x84Y\xd2\x9b\xf6\x91.\xb2\xf9\x7f\
Ki\xa6\x94\xf7\xc8\xf3\x5c\xb6\xf9,R7\x9d\x89\xff\
;\xabQ\xd1\xecO\xdf\xbaj`;\xf5\x06X\x00\xb8\
\x1dr\xb2IfYi\x97Qk\xf61\xe1\xb9\xad\x04\
\xbb\xe5\xc6\xef5\xc3\xce\x8a0~^\xf6:\xfe\xf9\x94\
\xe6\xac`\x0f\xf5\xbe\x04\xaf\xf4U\x10\x95\xed\x83\x19\xd7\
Y\x84O\xff\xa7E\xfa\x08\xdbRR\xe6\x82\xae\x0e\x91\
\xba\xe9L\x02\xdf_\x07Nv\xd7Zh\xcb\xca\xe2\x08\
@\x9aN\xe4\xf3'#\x94\xd6\x8c~}/\x13\x97m\
\x96m|\x1e\xe5\x8fX\xcc\xbaq\x14\xe4\xa0&\xae\xb2\
S\xcc\x8b\xb4\xb1:^NC*\x94\xfd7,\x22\x1d\
\x89\xe2\xda}\x11\xf19\xd4K\xb3\x9f\x9c\xd2\x93+H\
_?\x01\xdf\xff\xed\xca\xea\xfb8\xbeT\x16\x0b\x80\x94\
j\x97\x02`\xe8jv\xb60\xe5\xa9\xf5\x946u\x99\
\x8e\x22\x86\xe0\xec\xcf\x8f\xa2\xa46w\xab\xc7\xfdJ\xf3\
\xeep\x17uv\x925\xf1r\x99\x12\xc8\x00G\xab\xa2\
\xdb\x010\xa9L\x86\xfeMp\xe6\x8dA\x1d\xe8\xc9\xea\
\xa2\xc0p\xc7\xc0\xa6\xe9\x07\xf6\xec\xf2\xc1Ow\x02\xd2\
-b\x90\x22\xad=\xcc\xfa\xe5\x0a\xce\xb9\xefE\xb9\xf9\
{\x5c\xfdE\x15\xd4_8\xb4U\xff\x835!\xd0\xc7\
E\x91N\xfcJ\xb6n\x0dUW\xca\x8f[D\x1bl\
j\x82)*d\xd5\xbf1\xe9OMEO\xad\xcc\xd6\
\xe5{\x97\xecZ2\xa0\xe1\xe4A\x0c^\xaa\x83\x03\x7f\
MqS\xae\xcb\xd8\x95\xbb8\xff\x8eg\xa9\xddv\xd8\
t\x1c1D\xa5#\x03\xcc\xfc\xfcH\xa3\x19\x86\xdb\x09\
.+\xe9\xa0\xc4\x92q\x80\xa1\xe8\x8a\x16\xd1\xb3\xb0\x82\
q\x11y~3\xca\xb6H\xdet&\x0c\x0bg\xe3\xea\
\x87\x06\xfa\x82\xc1\xcc^\x0e\xf8M\x8aYis7\xe7\
\xde\xbd\x9c\xa9\x8b\xd7a\xa7\xe4\xc3\xda\xeb\xec\xa0\xc5y\
_\x1f\x83/l~1l\x85\x9d\xe6}%\x1d\x94J\
\x110h\xe3\x7f\xfe\x1a\x13\x9e\xdfJ\xa0\xb7\xf0\xd7\xe1\
\x0c\x0f&\x88\xf8\xe4{\xc5\xb8\x88\x9f\xe4-3 \x9c\
\xe1\xc5\xa7\x9a\x03\x03}\xc9\xc0\x13(}P\xce\x03\xe8\
\x07\xad\x19\xf7\xd2N&>\xbb\x09+-C\xb5\x85\xe2\
\xec\xcf\x8d\xa4|l\xfe4\xe8\x89X\x0e\x97\x94t\xf0\
|\xacJ\x0e\x18\x1a \xd5\x1a'\xb0\xb7\x83\x89{;\
\x18\xff\xc7\xad4\x9f5\x86}\x17O\xa1gD\x85\xe9\
hY!\xa7\xfc\xe5\x0f=\xaa\x84\xe4\xdfM'\xf0\xe3\
\x8d\x99k\x17\xac\xd8?\xd0\x97\x0c\xbc\x00p\xf5AT\
\x11\x0d\x9b\x0d\x82/\x91f\xfaCo0|\x93\xcc\x96\
\x14\x92\x89WV3\xf6\x92\xfc\xbb9\xfc\xa5\x08\xa8&\
\xee\x9a\x1f\x99\xf0\x0ak\xc3\x91\xbf\xfc{\xdae\xe4\xda\
\x06F\xaem\xa0s\x5c-\xfb.\x9eJ\xeb\xe9#(\
\x94\xcf\xba\x9a`\x92\x12y\xfa\xcf+\xfa\xcc\x1a\xd2\xd7\
O\xc4\xf7`fv\x06(rQ\x00(\xeb\x102\x04\
pB\x91\xd6\x1e\xce\xfe\xcd\x0a\x22-\xd2\xc5\xaf\x90\xd4\
\xcd,\xe5\xcc\xbf\x1dn:\xc6\x09\x95Y\x0e\xef-\xe9\
\xe0\xf9\xdejRE\xd6\xd4f\xb0\xacM\xc7\xdf1U\
\xb9\xef\x083\xf7\x1d\xa1\xb7\xae\x8c\xbd\x97N\xa3\xe9\xec\
1h\x8f\x17\x02\xb2\xed/?9\xf3\xc7`5\xf6b\
\xbd\x9c\x81\xb5aJ\x0dx\x0a`\x10\x8f\x0bZ\x1ek\
O\xa0j_+\xe7\xfdl\x99\xdc\xfc\x0bL\xe9\xa8 \
\xe7~\xa5\x1ee\xe5\xf7M\xa0\xd2Js~\xb8\x0b%\
\x05\xfa)\xa9\xb8\x83\xb5\xe5\xe4;\xa6\x22-Q\xce\xfc\
\xfd*\xe6\xfch)#\xd76\xa0\x5coN\xe5\x95\xfa\
\x1cY\xf9\x9f\xc7R\x9f\x9c\x82{\xfa\xd0\x9b\x89iw\
\xe0k\x00\x06^\x00(W\x0a\x80\xe3\xa8\xde\xdd\xc2\xac\
\x07V\xe0K\xc8\x0fZ!\x09U\xfa\xb8\xe0[c\xf0\
G\xbc1\xb4>\xda\x97`Z0f:F\xdeS\xeb\
\xdb\xa0\x9fksJ\x8eD9\xf3\xc1\xd7\xb9\xf0\x07O\
S\xbfj\x8f\xe7\x0a\x81\x11\xe1\xb8\xe9\x08\xe2dl\x8b\
\xf4\xdfMG\x0f\x1bZ\x83/\xe5\x1b\xf8\x14\xc0\xc0?\
\xd5|\x8e\xec\x02x\x9b\xdam\x87\x99\xf5\xc0\xcb\xd8r\
\xf3/(\xfe\x12\x9b\x0b\xbe=\x96\xc8pou\x8a;\
3\xd8\xc3H\x9f\x1c\x1b}2\xd6\x9a\x96\x01\xbf&\xdc\
\x11c\xda\xa3k\xb8\xf0\x87\xcf0\xfa\x8d}\x9e(\x04\
,4uA\xf9^\xc8w\xba,@\xea+g\xa3#\
\x83oJ\x95\x8c\x87\x06\xfcp>\xf0\x02\xe0\xb2\xcf\xb5\
\x00\x85\xbfg\xa6\x9f\xca\x0ew1\xe3w\xaf\xc9J\xff\
\x02c\x07\x14\xef\xfef=\x15\xe3\xbc\xd7vW\x01\xe7\
\x87\xbb\x08I\xa3\xa0\xe3K\xb9\xd8\x1b\x07\xd41\xf5-\
\xc2\xed\xbdL\x7f\xf8\x0d.\xf8I\xfe\xf7\xf5\xa8\x0d%\
\xf1Y\xf2}\xe0\x05zD\x09\xe9/\x9d\x09\xfeA\x8d\
6\xb6-\xdf\xbc\xa8g\xa0/\x1a\xc4\x14\x80\xd2@\xc3\
\x80_W\x80\x02=\x09f\xfej\x05vR\x9e\xfc\x0b\
\x89\xe5S\xbc\xeb\xab\xf5\xd4L\x8b\x98\x8e2hA\xe5\
2+$kQ\x8e\xc7\xda\xd8\x06\x89\xa1\xaf\x88\x8f\xb4\
D\x99\xf5\xcb\x15\xcc^\xf8\x02e\x8d\x9d\x19H\x96y\
\xc3\xe4\xe9\xdfS\xdc)\x95\xa4?3m0g\xee\x0d\
x\xfe\x1f\x06\x7f\x8c\xc9\xf6A\xbe\xae\xa0\x9c\xf9\xe0*\
B\x9d2\xdfZH,\x9f\xe2\xdc\xaf\xd63\xf2]e\
\xa6\xa3\x0c\xd9X\x7f\x9cz\x9f\xcc\xff\xbe\x9d\xb5\xe6\xc8\
\xa9\x7f\xd1\x00T\xefn\xe5\xfc;\x971\xe3\xb7\xaf\xe6\
\xd5\xe7\x81\xa5\xa0* \x05\x80\xd78\xe7\xd5\xe1~p\
\xc2\xc0^\xa4rY\x00hv\x0c\xeau\x05d\xc4\x86\
\x03\xd4\xecl6\x1dCd\x90\xe5W\x9c\xff\xf51\x8c\
<\xcf\xfb7\xff?\x99\x1d\x8a\xca\x99\x01\xc7r\xdc\xb7\
\xec\xff\xcf\x14\xa5a\xf8\xc6\x83\xcc\xb9})\x13\x97m\
\xc1J\x9b\xdfs_\x1dH\x92\xe7\x1bW\xc4\x09\xa4\xaf\
:\x0d\xe7\xd2\xd1\x03y\xc9\xce\xc1\xbc\xcf\xe0\x0a\x00K\
m\x1b\xd4\xeb\x0a\x84\x9dL3\xf9\xa9\x8d\xa6c\x88\x0c\
\xb2\x83\x16\xe7\x7fc\x0c\xc3g\x97\x9a\x8e\x92Q!\xcb\
eZ \x7f\x9eJM\xb3\xb6v\xa2z\xb37eg\
'\xd3Lxn\x0bsn_j\xfc\x01\xa1V\x86\xff\
=-\xfd\xf1\xc9\xb83k\xfb\xf7\x8b\xb5\xda:\x98\xf7\
\x18\xe4\x14\x80[\xd4S\x00#\xd7\xed'\xd4%\x1f\xaa\
\x85\xc2_js\xe1?\x9f\xc6\xf0Y\x85u\xf3\xff\x93\
)\x81\x98\x1c\x1a\xf4&\xfb\xb5\xdc\xdc\x94\xc3\xed\xbd\x9c\
s\xdfK\xcc\xf8\xed\xab\xc6\xce\x19\xa8\x94\x02\xc0\xdb\x94\
\x22\xf5\xf9\xe9\xe8\xb1\xfd\xf9\x5c\xcae\x01\xa0\xec\xa2.\
\x00F\xbf\xbe\xd7t\x04\x91!%\xc3\xfc\xbc\xf7?\xc7\
Q}zVN\xe7\xca\x0b\xb6\xd2\x9c\x11\x90S\xe0H\
8XkZs\xfa\x96\xc37\x1ed\xce\x0f\x9f\xa1~\
\xd5\x9e\xcc\xf5|\xef\x87\x12\x9fC@IC(\xcf\x0b\
\xd9\xa4\xbe|6\xba\xfa\xe4\xbb\x91\xdc\x80=\xa8Q\xf9\
\xc1\x15\x00\xf3?\xd9\x02\x9c\xbc\x8dV\x81\x0a\xb7\xf7R\
~\xb0(\x7f\xeb\x05\xa7jR\x98\x8b\xffs<\xa5\xa3\
\xf2\xe7p\x9fl\x19\xef\x8f\x17\xfd\xa9\x81\xd6\xeaV\x88\
\xe7\xfe\xcf\xc0\xdf\x97d\xda\xa3k\x98}\xef\x8b\x94\x1c\
\x19\xf0N\xadA\x91\xce\x7f\x85CW\x06H}c&\
\x94\x9f\xb0\x1fI\xf3s\xab\x1em\x1b\xcc\xb5\x07\xdf\xde\
L\xe9\xa2\x5c\x08X\xde(7\xffB0\xe6=\x15\xbc\
\xe7\xdf\xc6\x11\xaa\xca\xf0\x91\x9cyJ)\xcd\xe4\x22_\
\x0b`\xafl2\xfa\xfe\xd5\xbb[\xb9\xe0'\xcf2v\
ef\x0e\x7f9\x99J\x7f*\xeb\xef!rG\xd7\x85\
I~\xf9,t\xe8\x9d'~j\xd4\x96\xc1^w\xf0\
\x05\x80\xa6(\x17\x02J\x9f\x7foS\x16L\xffx\x1d\
\xb3\xbf<\x1a;P\x5cK\xa4\xc7\xfb\xfb\x8awG@\
G\x02k\x9b\xf9\xbd\xfaV\xdaa\xea\xe2u\x9c\xfd\x9b\
W\xf0\xc7\xb27G_.#\x00\x05G\x8f+'}\
\xf3Y\xe0{\xfbm\xdb\x1d\xd4\xfc?\x0ci\x04\xc0*\
\xca\x11\x00\xe9\xf8\xe7]\xe1Z\x1f\xefYp\x1aS>\
\xd0\xcf\x95\xb5\x05\xc6\xaf4\xe3\xfc\xc5\xd9\x17\xc0^\xd9\
\x94\xd39\xf8S\xa9\xdb|\x889?~\x86\x9a\x1d\x99\
\x1f\x95\xf0+M\xd0.\xee\xe9\x9eB\xe5\x9e^E\xea\
\xef\xcf\xe0-\xfb;\x07\xb9\x03\x00\x866\x020\xe87\
\xf52\xc7\xff\xce!\x18\x91\xffF\x9e[\xc6\xa5\xdf\x9f\
\xe8\xe9\xee~\x9901P\x9c\xc7\xc2\x9a\x1e\xfe?\x9e\
@4\xc19\x0f\xac`\xea\x13\xeb\xb1\x9c\xcc=X\x94\
\xfa\xe4\xe9\xbf\x90\xb93kI}\xfatx\xf3\x88j\
K\x0f~\x0a`\x08\x13\xa0\xee\xda\xa3]\xc7\x8bK\xbc\
\xaa\xc4t\x041\x00v\xd0\xe2\x8c\xbf\xa9c\xfc\xfcj\
<~\xa4{FTXi*\xec4]Nq\xac}\
\x00\xb0\xf6t\xa3\x9a\xf2t\xfd\x83\xd6\x8c]\xb1\x93\xca\
\x86#l\xf8\xeb\x0b\xe8\xcb\xc0\xe7KD\x86\xff\x0b\x9e\
;g\x04\xe9\xce\x04\xbe\x87\xf7\xa0\xfcI\x03#\x00W\
~z\x1f\x90\xf9\x96Zy\xae}\xe20\xd3\x11D?\
\xd5L+\xe1\xd2\xefM`\xc2\x15r\xf3?\xd6\x98\x22\
k\x0fl\xad\xc8\xef\x03{\x00\xca\x0fvp\xfe\x9d\xcf\
Q\xb5w\xe8\xdb\x14K}2\xfc_\x0c\x9c\xabN#\
}\xd5i}\xcf\xac~f\xd0\xdf\xe0C=\xe4|\xdd\
\x10_\xef9\x89\xb20\xdd\xa3\xabL\xc7\x10'a\x07\
-\xa6\x7f\xbc\x8e\x8b\x16\x8c\xa3t\x94\xb7\x8e\xf2\xcd\x85\
\xb1\xc5\xb4\x0e\xa0/\x8d\xfd\x8a7Zv\xfbc\x09f\
/|i\xc8\xbb\x04\xc2R\x00\x14\x0d\xe7\xbaqk\x86\
\xf2\xfa\xa1\x15\x00J\xaf\x1e\xd2\xeb=j\xdf%SM\
G\x10\xc7\xa1\x14\xd4_X\xce\xdc\x9fN:\xba\xd0o\
\xa8\xe5m\x81*\xb3\x1c\xca\x8a\xa4'\x80\xbd\xa2)#\
'\xff\xe5\x8ar]\xa6.^\xc7\xb4G\xd7\xa0\x06\xb9\
. T$\x7f\xb7\x02\xf0Y/\x0f\xe9\xe5C{w\
5\xa4\xea\xc3\xabZ\xce\xa8':\xb2\x92\xb2\xc3\xe6\xb7\
\x15\x89\xa3JG\x059\xfb\xb3#\x186\xa3\xb8\x17\xf9\
\xf5\xd70_\x92h\xb2p\xbb\x1f\x02\xa05\xd6\x1f\x0f\
\x99N1(\xf5\xab\xf6P\xda\xd2\xcd\xfa\x8f_@\xb2\
\xb4\xff\x8d\xaal\xa5\xf1[\xf9\xb3\xdbAd\x97\xb6x\
}(\xaf\x1f\xe23\x92]\x94\x05\x80V\xb0\xf1\xa3\xe7\
\xcb\x8e\x80<\x10\xae\xf61\xf3\x0b#\xb9\xec\xf6\x89r\
\xf3\x1f\x80Z\xab\xf0\x1b\xc5\xa8\xad\x1dX\xf9\xba\xf8\xaf\
\x1f*\xf7\x1d\xe1\xbc\x9f?O\xa4\xb5\xbb\xdf\xaf\x09\xda\
\xb2M\xb9\x98\xa84\xab\x86\xf2\xfa\xa1\x15\x00\xf3\xfff\
7\x8a\xa2|\x0c\xee\xad+c\xdb\xfb\xcfAV\x97\x99\
\x11(\xb5\x99\xfe\xf1:\xe6\xde1\x99q\xf3\xaaP2\
\xdc? u\xbe\xc2?(\xc6~\xde\x9bO\xff\xc7\x0a\
\xb7\xf7r\xee\xdd/P~\xa8\x7f\x1f\xb32\xfc_T\
\x9a^<\xef\xd6\x03C\xb9\xc0\x10\xd7\x00(\x8df\xed\
\x90\xae\xe1a\x8d\xb3Oc\xfb\xd53L\xc7(*\x81\
r\x1f\xd3?Z\xc7\xe5wMf\xca\x07j\x8b\xae\x9b\
_\xa6D,\x87p\x01w\x05T\xed\x09\xec\xf5\x83j\
\x8f\x9ew\x8e.\x0e|\x81\xca}\xa7\xdet\x15\x90\xe1\
\xff\xe2\xa1ym\xa8\x97\x18\xfas\x93\xa6(\xa7\x01\xfe\
d\xff\x85\x93\xd9~\xedL\xb4\x8c\x04dU\xc90?\
3>3\x82\xf9wMb\xca\x87k\xf1\x85\xe5\x91\x7f\
\xa8\xca\xed\xc2\xdd/n\xbfp\x08\xdc\xc2\xb9\x19\xfa\xe2\
)\xce\xb9\xef\xa5Sv\x0e\xf4Y\x85[\xd4\x89\xb7Q\
C\x9b\xff\x87!/\x02\x04,\xbd\x06]\xdc7\xbf\xfd\
s&\xd13\xbc\x9c\xb3~\xf7\x9a\xb1\xb3\xbf\x0bU\xf5\
\x940\xe3\xaf\xacf\xf4\x05\xe5Xvq\x7f\x9feZ\
\xa9\xe5\xe0\x8d\x0dr\x03\x94v\xb1_\xcc\xff\xbd\xff\x03\
e\xa7\x1cf\xfej%\x9b>z\x1e\xcdg\xd6\x1f\xf7\
\xd7\xc8\x02\xc0\xe2\xa1\x5c=\xa4\xf9\x7f\xc8D\x01\xe08\
+\xb0\x8a\xa7\xab\xd8\x89\xb4O\xac\xe3\xb5/\xcde\xfa\
#oP\xb3\xb3 ?Vs\xc6\xf6[\x8c\x9eS\xc6\
\x84\xabk\xa8\x1c\x7f\xf2s\xb0\xc5\xe0\x95Z\x859\x02\
`\xbd|\x18\xba\x0bs\x8d\x83\xe5\xb8\x9c\xf5\xdb\xd7\xb0\
?\x94\xa6\xf1]\xe3\xde\xf1\xdf}\x05<\xad#\xdeB\
;\xc1\xd4\x1bC\xbdHf\x1e\xa9\x9ez\xa0\x01\xc5\xd8\
\x8c\x5c\xab\x00\x0c\xdbz\x98\xd3\x1f[K\xa8\xcb\xbb+\
\x90sM)\xa8>\xbd\x841\x17W0zN9\xfe\
\x12\xd9a\x91m\x07\xd3AV\xc4*M\xc7\xc8,\xad\
\x09|\xeb5TKa\x9fy\xa0\x15l\xbe\xfe\x5c\x0e\
\xcf:\xed-_\x9f^\xdeCmHF!\x0b\x9dB\
o\x7fa\xf6\xd7O\x1f\xeau2\xf3\xe8\xae\xd4\x0b\xa0\
?\x91\x91k\x15\x80\xd6i#\xe9\x98P\xcb\xd8\x15\xbb\
\x18\xbbbgV\x8f\xfd\xf4\xba\xd2\x91\x01\xea/\xaed\
\xccE\xe5D\x86K\xd7\xbe\x5c*Q\x85\xb7b\xdc~\
\xad\xa5\xe0o\xfe\x00J\xc3\x19\x8b\xde\xc0\xf5\xd94\x9f\
\xf5\x97\xe9\x00K\xa6\x00\x8a\x82\x8b5\xe4\xe1\x7f\xc8T\
\x01\xa0\xdd\x97PJ\x0a\x80c\xa4\x83~\xf6\xbco\x1a\
\xfb/\x9c\xc4\x98\x95\xbb\x19\xf3\xea.\x82\xddE\xd4\x82\
\xf5d&W2\xe1\xdd\x11\xc6\x9e\x13\xa6\xb2^n\xfa\
\xa6\xf8U\x81\xdd,\xb4\xc6^\xb2\xdft\x8a\x9cQZ\
s\xe6\x83\xabH\x87\x02\xb4M\xae;\xfa5\xc3\x99D\
\xce\xe4Q\x01\xa0\xdc\x17A\x86l\x8f'\x1d\xf4\xb3\xf7\
\xd2\xd3\xd9w\xc9\xe9T\xedn\xa6~\xd5^\xea6\x1d\
B\xe5\xd1\xd9\xe4\xd9\xe6\x04|t\x8d\xad\xa1u\xdaH\
Z\xa6\x8f\xe2\xe2\xf1}\xcc\xa8\x91u\x12\xa6\x15\xdaO\
\xac\xb5\xbe\x0du\xb0\xc7t\x8c\x9c\xb2\xd2.3\xfew\
%o|\xe1\x12\xa2\xa3*Q\x85V\xd4\x89\xe3rm\
\xfe\x98\x89\xebd\xa6`\xd4Z\xf1\xf4/\x1b\x81\x11\x19\
\xb9^\x81\x0bu\xc5\xa8\xdb\xdcH\xdd\xc6CT6\xb4\
Rh?\xb3\xae\xcf\xa6\xab\xbe\x9a\x8e\x09\xb5\xb4O\xac\
\xa3\xf3\xb4\x1a\xb4\xfd\x97m{WW\xb7rU\xf5\xd0\
O=\x13C\x93\xd4\x8aG\xa3u\xa6cd\x8c\xff\xbf\
\xd7`\xed\xea2\x1d\xc3\x88DY\x98U_\x9d\xcb\xe9\
\xa3\xe2\x94\xcbq\xc0\x85M\xd1\xfc\xe2\xac\xaf\x8d\xccD\
\xb5\x97\xa95\x00\x9a%\xbf|\x09\xf4\xf5\x19\xb9^\x81\
\x8bW\x94\xb0\x7f\xce$\xf6\xcf\x99D \x9a\xa0fW\
3\xd5\xbb\x9b\xa9\xde\xddJ\xa8\xd3{\x0b\x07\x13\xe5!\
\xbaGW\xd1yZ-\x9d\xe3j\xe9\xae\xaf\xc2\xb5O\
\xbcO\xdfWh\x15\x8fG\xf9\x0ah\xbc\xd8\xda\xdeY\
\xb47\x7f\x80`\xb4\x8fY\xf7\xbdL\xfa\xabgCe\
\x01\xfd\xc5\x8a\xe3y.SC=\x99\xdb\xbf\xa7x\x11\
\x8d\x14\x00\x03\x94,\x0brx\xd6X\x0e\xcf:\xba\x89\
\x22\xdc\xdeC\xe5\xfev\xca\x0euP~\xa8\x93\xb2\xc6\
N|\x89\xfc\xe8\xdb\xee\xfalb\xb5\xa5\xf4\x8c('\
:\xa2\x92\xe8\xa8*\xa2#+\x06tX\x09\x14T\x7f\
\x16O\xd3\x054\x0de?\xd9`:\x82q\xa5\x07;\
p\xef\xdb@\xea\xab3\xa4Ey\x01SZ-\xcb\xd4\
\xb52W\x00h^\xcc\xd8\xb5\x8aX_u)}\xd5\
\xa5\x1c\x9e\xf9\xe6\xaeJ\xad\x09w\xc4(i\xeb%\xdc\
\x1e\xa5\xe4H\x0f%m=\x04\xbb\xe3\x04\xa3q\x02\xbd\
\x89A\x1f\x1b\xfav\xa9\x92\x00\xc9\xd2 \x89\xb20\x89\
\xb2\x10\x89\x8a0\xb1\x9aR\xfa\xaa#\xc4j\xca\x88W\
\x842\xf2\xc1\x92\xd0\xd2\xc5/\x1f\xa4\x0a\xe4\xbcdk\
G'\xd6\xe6v\xd31\xf2\x82\xb5\xb9\x1d\xdf\xe3\xfbH\
\xbf\x7f\xbc\xe9(\x22K\x94\xa522\xff\x0f\x99,\x00\
^\xdb\xbb\x89\xf3\xc7u\x00U\x19\xbb\xa6\x00\xa5\xe8\xab\
\x8e\xd0W\x1d\x01\x8e?_\x1b\xe8M\xe0\xefMb\xa7\
\xd2\xf8\xe2i,\xc7\xc1N\xa4\xb1\x13i\x14\x90\x0e\xbe\
\xf5\xaf\xd9\xf5Y8\x01\x1f\xe9\x90\x1f'\xe0\xc7\x09X\
$#!\x5c_nn\x08q\xb70n<^\xe7\x14\
H\x07O\xfb\xe1=\xa6#\xe4\x15{q\x03n})\
\xee\xeca\xa6\xa3\x88\xcc\xdb\xb5|\xd6W\xf7e\xeab\
\x99+\x00\x16,pY\xf2\xc0s\xc0G2vM\xd1\
/\xc9H\x90dd`\xc3\xf0&\xc5\xddB[\x7f\xee\
M\x850\x02`\xaf=R\xd4s\xff\xc7\xa55\xfe\xfb\
\xb7\x91\x1c\x1dA\x8f(1\x9df\xd0\xfc\xca%l;\
\x84-\x87\xb0\xed\x12V\x0ea;M\xd8v\x08\xbe\xed\
\xcc\x83\x94\xb6H\xbb\x10w}$]E\xd4\xf1\x13s\
l\xa2\x8e\x8fDA}\xde\xa8\xe73y\xb5\xcc\xf6\xf0\
\xd5z\x09JI\x01 NJ\xa6\x00\xf2C\xca\xeb#\
\x00Zc=*O\xff\xc7\xd5\x97\xc6w\xcf\x16\xd2\xdf\
\x9a\x8d\xce\xe3\xd5\x9e\xb6\xd2T\xfaR\xd4\x06\x12T\xfb\
\x92\x7f\xfe\xdf\x1a\x7f\x82\x12;3\x8d\xaab\x8e\x8f\xb6\
T\x80\xf6T\x80\x96d\x90\xc3\xc90M\xc9\x10I\x0f\
\x8eD*\xad36\xff\x0f\x19/\x00x\x0a\x85F\xfa\
Q\x88\x93\xe8H\xf9MG\x10@\xcc\x83\x1f\x80\xc7\xb2\
W6c\x1d\xea5\x1d#oY\x0dQ\xec?\xec!\
\xfd\x91\x89\xa6\xa3\xfcY\xb9/E}\xb0\x8f\xfa`\x8c\
\xd1\xa1>F\x04\xe2\xd8Y\xde\x15Tb\xa7)\xb1\xd3\
\x8c\x09\xfde\x87\x95\x06\x8e\xa4\x82\xec\xeb\x8b\xb0\xb7/\
BC\xbc\xc4\x0b#\x05\xda\xb5\xfc\xcb3y\xc1\xcc\x16\
\x00W\x7f\xba\x89%\x0f\xac\x03fe\xf4\xba\xa2\xa0\xb4\
\xa4\x02h\xd4\x9b\xb5\xa20%\x9a\xff\x1fx'\xa4\xd2\
\x1a{\xf1>\xd31\xf2\x9e\xf5\xcc~\xac3jp\xa7\
\x999\xf3\xa1\xc2\x97dRI/\xe3\xc2=\xd4\x07\xe3\
\x94\xd9\xf9\xb1\xa3I\x01\xc3\xfc\x09\x86\xf9\x13\x9c[\xde\
\x8e\xaba\x7f\xbc\x84\xad\xbd\xe5l\x8bU\xd0\xeb\xe4\xe1\
\xcf\x86\xd6\xeb_\x9a}KF\x1b\xa8d\xfe\x18?\xc5\
Sh)\x00\xc4\x89\xc5]\x8bn\xc7\xa6\xa2\x80\xcf\xa3\
\xf7\x82\xa8\xeb\xddS<\xed\xe7\x0f\xa1Z\x0b\xbf\xe7\xff\
P)\x17|\xf7m!\xb5\xe0<t$\xfb\x7f\xdf\xb6\
\xd2\xd4\x87bL\x0a\xf72\xa9$\xca0\xbf7\x0e&\
\xb2\x14\x8c\x0b\xc7\x18\x17\x8eq\x85nf_\x22\xc2\xda\
\xee\x0a\xb6\xc7\xca\xf3g\xb1\xac\xc5s\x99\xbed\xe6\xbf\
#\x5c\x96\xa0\xf8v\xc6\xaf+\x0aJs2HEX\
\x0a\x00\x93\xba\xf3\xf1)\xa7\x1fT<\x8d\xf5\x94\xec\xfb\
\xef/\xd5\x9e\xc0^\xb4\x8b\xf4\xdf\x0e\xf9\xf0\xb8\xe3\xb2\
\x95fb\xb8\x873J\xbb\x99\x14\xee!hy\xfb\x90\
)\xa54\xe3C=\x8c\x0f\xf5\xd0\xeb4\xb3.Z\xc9\
\x1b\xdd\xd5D\x1d\xb3\x05\xb3r\xd5\x93\x99\xbef\xe6\x7f\
G=%\xafR\x16k\x03j2~mQ0\x9a\x93\
\x01\xa6\x84e\xfe\xd6\x14\x8dwG\x00\xec\xc7\xf7\xa1\xa2\
r\xc2\xe6@\xd8/7\xe1\x9e?\x22cS\x01\x0a\xa8\
\x0f\xc5\x98^\xd2\xcd\x19\xa5\xdd\x94\x14\xe8h^\xc4N\
sa\xe5\x11\xde]\xd1\xc6\x96\xder^\xee\x18F[\
\xda\xc4\x01f\xbaME{^\xca\xf4U3\xbf\x0a\xe8\
\x86\x1b\x1c\xe0\xd9\x8c_W\x14\x94=q\xefnO*\
\x04\x9d\x8e\x0f\xc7\x83kuUc\x0c{\xd9!\xd31\
\xbcGk|\xbf\xd9\x0e\xe9\xa15\x0d\xab\xf6'\xb9\xac\
\xba\x85/\x8f\xdd\xc1\xa7F\xee\xe3\xdc\x8a\xf6\x82\xbd\xf9\
\x1f\xcbV\x9a\xb3J\xbb\xf8b\xfd.\xae\xabm\xa4,\
\xc7\xbfg\x85Z\xbc\xfc\xd2\x05\x19\x7f\xd3\xec<\x02h\
\x96\xa0\xf8hV\xae-\x0a\xc2\xf6X\xc4t\x84\xa2\xd6\
\xe2x\xf3\x18f\xdfo\xb7C\x86:_\x16\x1b\xd5\x14\
\xc3~j?\xceu\xe3\x06\xf4:[i\xa6\x94D9\
\xa7\xbc\x93q\xa1\xde\xa2^\xbck)\x98Q\xd6\xc9\xb4\
\xd2n^\xef\xae\xe6\xe5\xce\xda\x9cl't-\xf5\x87\
l\x5c7;\x05\x80m=\x8d\xeb\xbadc\x84A\x14\
\x84.\xc7GK2@]@\x86rMh12\x8c\
94\xf6\xaa\x16\xac\xad\x9d\xa6cx\x9a\xef\xa9\x06\xdc\
\x0b\x86\xa3\x87\x85O\xf9kK\xed4\xe7\x96\xb73\xb3\
\xac\x93H\x11<\xe5\x0f\x84_\xb9\xcc\xa98\xc2Y\xa5\
\x9d,92\x92\x1d\xb1\xb2l\xbe],\xe6D\xb22\
\xaa\x9e\x9d\x1b\xf4\xfcO\xb6\x00+\xb2rmQ0v\
\xc4e\x14\xc0\x04\x0d\xb4:\xde\xea\xc5\xa0\x92\x0e\xbe\x87\
v\x9b\x8e\xe1})\x17\xfb\x91\x937O\xaa\xf1%\x99\
_\xdd\xc4Mcvqa\xe5\x11\xb9\xf9\x9fD\x99\x9d\
\xe6\x86\xe1\x07\xf8p\xdd\xc1,N\x85\xa8\xa7W\xbf\xeb\
\x8bY9&6{\xab\x80\xb4^\x84R\x17e\xed\xfa\
\xc2\xf3\xb6\xf6FxOy\x87\xe9\x18E\xa7-\x1d \
\xe5\xb1n\x8c\xf6\xe3\xfb\xa0-n:FA\xb0_o\
\xc5\xbd\xac\x0bwR\xc5[\xbe~Z\xb8\x979\x15G\
\x98\x10\x8e\x15\xf50\xff`L\x8bt36\xd4\xcb\x93\
GFe|4@)7+\xc3\xff\x90\xcd!z\xcd\
\x22\xc0\xdb\xfbADVm\x8e\x95\xd1\xe7\xd1\xadh^\
\xd6\x90\xf6\xce\xb9\x11\x00\xaa\xb9\x0f{\xd9A\xd31\x0a\
\x87\xd6\xf8\x1e\xdc\x0do\x1e\x07=&\x14\xe3\xe3#\x1a\
\xf8\xc4\x88\x06&\x86\x8b{\x8e\x7f(\x22\xb6\xc3\xf5\xc3\
\x0f2\xbf\xba)\x93\xdd\x0d\xd3\xc9\xb8\x95\xf1\xed\x7f\x7f\
\x92\xbd\x02\xe0\xeaO7\xa1d\x1a@\x9cXJ+\xd6\
\xf4du\xeeL\xbc\x8d\x03\x1cH\x85L\xc7\x18\x10\xdf\
o\xb6CJ\x16\xfee\x92\xda\xdd\xc5\xe8-\x87\xf8\xd4\
\xc8}|j\xe4>\xc6\xcb\x96\xdc\x8cPh\xce\xadh\
\xe7\x13#\xf7Q\xee\xcbD\xd7C\xf5\xe2+s\xbe\x96\
\xb5\xb3\xae\xb3<\x0e\xa8\x16e\xf7\xfa\xc2\xebVE\xcd\
\xb4(-VM\xa9\x90\xa7\x0ec\x04Y\x82\xec\x00\x00\
 \x00IDAT\xb2^>\x8c\xb5E\xa6\x89\xb2A\
=\xb6\x97\xfa`V\xa6\x96\x8b^}\xb0\x8f\xcf\x8f\xda\
\xfb\x96\xf3\x07\x06G?\x92\x91@'\x90\xddO\x02\xc7\
}\x08\x99\x06\x10'\xb1;\x1e\xe6\x88\x1c\x0e\x943{\
=4\xfc\xaf:\x93\xf8\x1e\xdce:F\xc1j\xdd\x9d\
\xa6a\xb5\xec\xc2\xc9\x96\xb0\x9d\xe6\xe3#\x1a\x98\x1e\xe9\
\x1e\xec%4\x0e\x8fg2\xd3\xdbe\xbf\x13\xc8\x92\xfb\
\x97\x83z\xef@_\x16\xb1\x1c*}i\xaa|I\x02\
\x96&\xa8\x5clK\x13V.\xea\x98\xf9\x95\x84k\x93\
\xd2\x8a^\xd7\xa67m\xd3\xeb\xdat\xa4\xfd\xc4=~\
\xd2Y1\xb9\xac\xb2\x8d\x0f\xd56\x9b\x8eQ\xf0b\xae\
\xcd\x93=5\xb8\x1ei\x00\xe4\xff\xf1z\xac\x8dY\x1b\
\xfd\x14\xc0\x98Y\x01>\xfa\xc3*\xd31\x0a\x9a\x06\x96\
\xb6\x8f\xe0\xf5\xae\xea\x81\xbet\xe5\x8b\xb3o\xbd0\x0b\
\x91\xfe,\xfb\xbd@\x95Z\x84\xe6\xb8\x05\x80\x85fD\
 A}0\xc1\x98`\x9cQ\xc18\x95v\x9a\xea7\
o\xfaC\xd1\xeb\xda\xb4\xa5\xfc\xb4&\x83\x1cJ\x069\
\x94\x08r(\x19\xa2#-O\x9b\xf9\xe6\xa5\xae*.\
\xaf:Bi\x86\xce\xff\x16\xc7\xb75Y\xe2\x99\x9b\xbf\
\xfd\xd2a\xb9\xf9\xe7\xc0\x81\xb5I\x0emI1z\xba\
|.f\x8b\x02\xe6W7\x11\xb2\x1c^\xea\x18\xd6\xef\
\xd7i\xa5~\x9d\xbdTGe\xbf\x00\xf0\xa5\x1e\x22\xe5\
\xff\x09`\xfb\x95fb(\xc6\xb4H\x0f\x93\xc21F\
\x07\xe2\xf8\xb3t\x16t\xc4r\x88\x04\x1d\xc6\x06\xe3\xcc\
>\xe6\xeb\x9di?\xbb\xfbJ\xd8\x13\x0f\xb3\xbd/\xc2\
\xe1\xa4w\x86D\x0bUR[,\xef\xac\xe1\x9a\x9a\x16\
\xd3Q\x0aV\xdc\xb5\xd8\x9b:u\xf3\x97|\xa0:\x93\
\xd8\x8bd\xe8?WV\xfd_/\x1f\xfc\x8e\xac\xc5\xc9\
\xb6\xf7V\xb6\xe2W\x9a\xe7\xdb\xeb\xfa\xf3\xcb\x93\x81T\
 \xebk\xe8r\xf28\xf0\xde\x15?|\xe1\xac\xd2\xde\
\x8b'\x85b\xf8\xad\xfcZ\xcd\xdb\x91\xf6\xb3\xb9\xb7\x94\
\x8d\xbd\xa5l\xeb+%\x9d/G?\x16\x99\xb0\xe5\xf2\
\xef\xa7\xed$,\xa3\x00Y\xb1.Q\xca\xf6\x847\x1a\
/\xc9\xd0\x7f\x8eY\xf0\x99\xfbj\xa8\x19\xeb\xcd\xc3\xa1\
\xbc\xe6\xa5\x8ea\xbc\xd0y\xf2\x91\x00\xa5\xd5C/\xbc\
\xebk\xd7g;KN6a\xff\xe37g\xaa\xda@\
\xf2\xfd\x19\xdc\x1b\x991a\xcbel(\xce\xb9e\xdd\
\x5cR\xd1\xc1\xf0`\x92\xa4k\xd1\xe6\xd1^\xe9^\x95\
\xd6\x0a\x9f\xa5\x99\x12\x96U\xc9\x99\xd6\xa7m^\x8bU\
\xa0=0\xfco\xbft\x18{\xe9\x01\xd31\x8a\x8b\x86\
T\x5c3\xf9Bom\x0f\xf5\xaa\xd3\xc21\x12\xae\xc5\
\xa1\xc4I\x0eD\xb3\xf8\xa7\x86\xffY\xba=\xdbYr\
\xb2R.\xe8\xf2\x10\x90\xf7\x1bM\xc3\xb6\xc3\xbb\xcb:\
\xb9yt\x03\xffv\xdaN\xae\xa8j\xa5B\xda`\xe6\
\xcc\xd2\x8eZZ\x92Rxe\xda\xdax\xa9'N\xfe\
S\xed\x09|\xbf\x97\xa1\x7f\x13\xb6.K\xd0\xd3\x96_\
\xa3\xb3\x85lnM3gD\xbaN\xf4\x9f[{\xdd\
\xd2%\xb9\xc8\x91\x93\x11\x80\xc7\xef\x5c\x91\xbc\xe6\x96\x0b\
O\x07\xce\xce\xc5\xfbeB\x89\xe52\xb5$\xc6%U\
\xed\x8c\x0a$\xe8H\xf9\xe9\xf4X\xfft\xafqQ\xb4\
\xa4\x02\x9cWv\xc2\x1f\x0c1@\xcdN\x90\x0d\xf1R\
\xd31N\xcd\xd5\x04~\xba\x01\xd5\xdcg:IQ\xd2\
.\xf8C\x16cgI\x01\x9e\x0b\x0a\x98R\xd2Cc\
\x22L\xc7\xdb\x0f\xe6R\xdc\xfb\xea\xec\x9b\xb3\xd6\xfd\xef\
X9\xdb+\xe7Z\xfc2W\xef\x95I6\x9asJ\
\xbb\xf9\xc6\x98\xbd\xdc<\xba\x81\x09!\xf9\x80\xca\xa6\xad\
\xb1R\xd6Kw\xc0\x8cp\x80\xd5}\xde\xf8\xb3\xf4=\
\xba\x17\xb5S\x0a?\x93\xd6?\x11\xc3I\xe6\xdf4m\
\xa1\xb2\x95\xe6\xc3u\x87\xa8\xf5'\xde\xf2u\x8b\xec\xaf\
\xfe\xff\xcb{\xe5\xc8\x91\x09%\x7f\xd4\xb0?W\xef\x97\
\x0d\xa7\x87{\xb9\xb5~/7\x8e\xdc\xcf\xd8\xa0\x1cL\
\x92-\x0f\x1d\x19!g\x04d\xc0\xd6D\x84\xa8\x9b\xff\
\x7f\x8e\xd6\xc6v\xac\xa7\x1bL\xc7(z\xb1\x0e\x97\xad\
\xcb\x13\xa7\xfe\x85\x22c\x82\x96\xc3\xf5#\x0e\x10\xfc\xcb\
\xe2\xf8\xad\xcb\xcf\xf9\xda\x1b\xb9z\xff\x9c\x15\x00\x0b\xd4\
\x02\xd7R\xeaW\xb9z\xbfl:#\xd2\xc3?\xd4\xef\
\xe1\x13\xc3\x1be\x8d@\x16\xb4\xa7\xfd<\xd0<\xca\x13\
\x8b\xd6\xf2U\x8b\x13`K\xd2\x03\xab\xfe;\x12\xf8\x17\
nA\xc9\xf4s^X\xfdH\xde/\xd5*85\xbe\
$\xef\x1fv\xe8\xe8\xa7\x9d\xd69\xbdG\xe6\xb4]\x9e\
\x93v\xee\x03\x0a\xe2G])xwY'\xff:n\
\x17s+\xdb\xb0\xe4\x04\xad\x8c\xda\x14+\xe3\x85.\xe9\
P6\x18qm\xf1j\xac\x02\x9d\xef[Z\xb5\xc6\x7f\
\xef\x16\xe8\xc9\xc4\xa1)\x22\x13Zv\xa4i\xdc*\x7f\
\x1f\xb96\xa5$\xca\x85\x95\xad\x1aW\xfdo.\xdf7\
\xa7\x05\xc0\xcd\xa7\xff`/\xb04\x97\xef\x99mA\xe5\
\xf2\xc1\xdaf\xbe9f/\xa7\x85dZ \x93\x1ei\
\x1d\xce\xde\xb87\x9a\xd7\xe4\x0b\x0d\xbc\xd6WN\x9f\x07\
\x0e\xfc\xb1\x1f\xd9\x8b\xb5\xb5\xd3t\x0c\xf16k\x1f\x91\
\xad\xb8&\x5cT\xd9\xfa\xec\x8b\xe7\xdd\x9a\xd3=\xb09\
\xff\x94\xd0\xa8\xbbs\xfd\x9e\xb90:\x18\xe7\xeb\xf5{\
\xb9\xb6\xa6UF\x032\xc4Aq_s=]\x8e4\
(\xe9\xaf\x0d\xf12\x9a<p\xe0\x8f\xb5\xb5\x13\xdf\x12\
O/\x09*X\xdb_H\x10=R\x10\x03\xb5\x9eb\
)\xeb\x8e\x9c\xbfg\xae\xdf\xb0n\xd2\x9e'\xbc\xbe\x18\
\xf0D,4WT\xb5\xf2\xf5\xfa\xbd\xd4\xf9\xe5\x94\xad\
LhO\xf9\xb9\xf3\xd0Xb\xb2(\xf0\x94v&\xc3\
lK\x9e\xa4\xb9H\x9eP\xedq|\xf7l\x02-\x85\
r>r\xd2\x9a\x8dO\xca(@\x8e\xed\xef\xaa\xea\xcc\
\xc9\xde\xffc\xe5\xbc\x00\xb8A-r\x14\xdc\x97\xeb\xf7\
\xcd\xa5\xd3Bq\xfeq\xcc\x1e\xce)\x1d\xf41\x90\xe2\
\x18\x8d\xc9\x10w\x1d\x1eK\xd2\xcd\xf39m\x83\xf6\xa7\
C\xac\x8d\x97\x9b\x8eqjq\x07\xdfO7\xa2\xbae\
\x9e9\x9f\xad}\xbcO\xb6\x04\xe6\x90\x86\xbboP\x8b\
r\xde\x07\xdd\xc8D\xa1\x03\xf7\x02\x05\xbd|>d\xb9\
|f\xc4!>T\xdb,S\x02\x19\xb07\x1e\xe6\xfe\
\xe6zOt\xb4\xcb\xb5\xa6t\x90U\xb1\x8a\xfc\xff.\
\xd3\x1a\xff\x03\xdb\xb0\x0e\xf4\x98N\x22N!\xd6\xe1\xb2\
\xe3E\xd9\x12\x98#I;\xa5\x8c<\x14\x1b)\x00n\
\x99\xfc\xbd\x83\xc0\x1fL\xbcw.)4\x97U\xb6q\
\xd3\xe8\x03\x84\xf3\xec\x10$/\xda\xd0[\xc6\xcf\x1a\xc7\
\x12w\xf3\x7f\x81[\xae\x1cJ\x85x\xb9\xaf\x12/\x1c\
\xa1\xe4{x\x0f\xd6\xebr\xe2\xa3W\xacyL\x9a\x9e\
\xe5\x82\x86\x87\xe6\x0e_\xd8l\xe2\xbd\xcd}\x92Z\xea\
'\xc6\xde;\xc7N\x0f\xf7pk\xfd^j|2\xec\
9T\xdbc\x11~\xda8\x8e\x1eY\x13\xc0\xced\x98\
\x15}\x158y\xff\xe8\x0f\xd6\xeb-\xd8O\xcb!?\
^\xd2\xb89I\xf3\x0e\xf9\xcc\xca6K\xab\x9c/\xfe\
\xfb\xf3{\x9bz\xe3\x9b&\xde\xf62\xb0\xda\xd4\xfb\xe7\
\xda\xc8@\x82[\xc7\xece\xb4t\x10\x1c\xb2\x86x\x88\
\x1f\x1d\x1cO{\xaa8\xcff\xd0(6$JY\x13\
/\xcf\xffa\x7f@\xed\xeb\xc6\x7f\xefVY\xf4\xe7A\
\xeb\x17\xcb(@V)\xfd\xfa\xbc\x9a\x85\xaf\x9az{\
\xa3c\xa9\x1a\x8af\x14\x00\xa0\xc2N\xf3\xd5Q\x0d\x8c\
\x97\xf3\x04\x86\xac9\x15\xe0\xb6\x83\xe3\xd9\x14\xf3\xc0A\
7\x19\x94\xd2\x8aWb\x15lMx\xa0\xcb\x1f\xa0:\
\x93\x04\xee\xdc\x04)\x99\x02\xf3\xa2\xcd\xcb\xe2\xc4\xbb\xe5\
\xef.[\x94\xcb\x0fL\xbe\xbf\xd1\x02\xa0.Y\xf2{\
\x14\x87Mf\xc8\xb5\xb0\xed\xf0\xa5Q\xfb\x99(\xe7\xde\
\x0fY\x8f\xe3\xe3\xee\xc61<\xd4:\x9ct\xbew\xbd\
\xcb\x80v\xc7\xc73=5\x1c\xf0\xc0>\x7f\x00\xe2\x0e\
\xfe\x9fl\x80\x0eYL\xe6U\xe9\x84f\xd3R\x19\xb5\
\xcc\x92\x06_\xf5\xd8GL\x060Z\x00\xdcp\xc6\x82\
$.?7\x99\xc1\x84\x90\xe5p\xe3\xc8\x03\xd290\
\x034\x8a?v\xd5\xf0\x93C\xe3h{\xfb\xb1\x9a\x05\
Bk\xc5\xd6d\x84e\xbd5\xf4j\x8f\xac}p\x5c\
\xfcwoB\xed\x8f\x9aN\x22\x86h\xedc\xb1\x02i\
\xe0\x9eg\xb4\xba\xe3R\xb5\xc0\xe8n8\xe3\xcb\xa9\xb5\
c\xdf\x05\x14\xdd\xbe\xa0\x90\xe5p\xf3\xc8\x06\xc6\xc8\x9a\
\x80\x8c\xd8\x13\x0f\xf3\xef\xfb'\xf0T\xfb\xb0\x82\x1a\x0d\
hw|<\x17\xabbC\xbc\xd4\x13\xf3\xfd\x00\xca\x05\
\xdf\xc2\xadX\x1b\xdbMG\x11\x19\xd0y\xc8\xa1a\xad\
46\xcb\xb0\x1e\xbf\x95\xbe\xd7t\x08\xe3\x05\xc0\x97\xa6\
\xfdw\x1bJ\x19\xff\x830!l;\xfc\xfd\xa8\xfdT\
\xcb\xee\x80\x8cH\xb9\x16O\xb6\x0f\xe3?\xf6Od\xab\
\xc7\xd7\x06$\xb5bm\xbc\x8ce\xbd5\xb49\x1eZ\
\xec\xa85\xf6o\xb6c\xaf\x92\xed~\x85d\xed\x1fd\
\xca2\xa3\x94\xfe\x9fK\xab\x1e0~\x10\x86\xf1\x02\x00\
\xc0\xd1\xfa\x07\x1a\x8a\xb2\xc4\xac\xb0\xd3\xdc8j?a\
\xdb\x0b;\xb9\xbd\xa15\x15\xe0\xce\xc6\xb1\xfc\xcf\xe11\
4\xc4C\xa6\xe3\x0cHJ+\xb6$\x22<\xd9S\xcb\
\x8ed\x89g\x9e\xfa\xff\xc4\xf7\xf0\x1e\xec\x17\x1aM\xc7\
\x10\x19\xb6\xeb\x95\x04\xddM2\x0f\x90!\x09\xdbI\xdf\
n:\x04@^L(.\xb9cE\xf7\xd5_~\xcf\
D`\xa6\xe9,&\x94\xd9\x0ec\x82\x09\xde\xe8)G\
K\xa7\xbb\x8ciN\x05Y\xd1]\xc5\xf6\xbe\x08e>\
'\xaf\xcfgHj\x8bm\xc9\x12^\xe9\xab\xe4p:\
\xe8\xc9\x8e\x87\xf6\x92\xfd\xf8\x1e\xdfg:\x86\xc8\x06\x0d\
\xfe\x90\xe2\xb4s\x0as\x9dM.)\xf4}sk\x1e\
\xf8\xad\xe9\x1c\x90'#\x00\x00\xaec\xddF\x11/5\
\x99V\xd2\xc3\xb5\xd52l\x9a\x0d\xbb\xfbJ\xf8y\xe3\
\x18~pp\x1c+\xbb\xab\xe8\xcb\x93N\x82\x1a\xc5\x91\
t\x807\xfa\xcaY\x1c\xadeS\xa2\x94\xa4G\xd7/\
\xd8+\x0f\xe3{x\x8f\xe9\x18\x22\x8b\xd6?\xd9G:\
\xe5\xb51\xa9\xbc\xe3h\xdb5\xba\xf5\xefXy\xf5i\
\xf3\xb3\x1d\xff\xf8\x08J\x7f\xd0t\x0eS4\x8a_4\
\x8df}\x8f\x07\x0eu\xf10\xbf\xd2\xcc(\xed\xe6\xbc\
\xb2.\xa6\x95\xf4b\xe7x\xa0\xbd\xc7\xb5iH\x85\xd8\
\x9b\x0a\xd3\xeb\xe6\xc5 \xdc\x90XkZ\xf1\xdf\xb5Y\
\x1a\xfd\x14\x81k\xbeU\xc1\xb4\xb9\xde\x9aV\xcb/\xfa\
w\x97W\xdf\xf7\xd7\xa6S\xfcI^\x1d\xb4\xae,\xf5\
\x9fZ\xeb\x0f\x90g\x85I\xae(4\x9f\xa8k\xe4`\
<T\xb0[\xda\xf2AJ+VG+X\x1d\xad \
`i&\x04{\x99Z\x12cR(\xc6i\xe1\xbe\x8c\
\x17\x04Q\xc7\xc7\xce\xbe\x12:\x5c\x1f\xae\xadhw\xf2\
\xea\xc7nH\xacuG\xf0\xfd\x8f\xdc\xfc\x8b\xc5\x9a\xc7\
\xfa\xa4\x00\x18<\xed*n3\x1d\xe2Xyw\xa3\xbd\
s\xe7?<\xa6\xe0:\xd39L\xda\xd3W\xc2\xed\x8d\
\xa7\xe1zt8\xd8\xcb\xc2\x96\xcb\xe8@\x9c\xba@\x82\
\xe1\x81$u\xfe\xa3\xff\x94\xda\x0eA\xcb\xc1\xaf\xdey\
\xa3\xd3(\xfa\x1c\x8b\x84\xb6hK\xfbiI\x06iN\
\x06hI\x05hJ\x06iI\x1d-\xe6\x140\xb3\xaa\
\x9b2\x7fa\xec\xfa\xb0\xd6\x1d\xc1\x7f\xf7f\xe9\xf2W\
d>yw5\xc3\xa7xhgJ\xbe\xd0<ry\
\xcd\xbd\x1f6\x1d\xe3Xy\xf8(\xa2\xff\x0d\xd4\xb5\xe4\
aq\x92+\x13\xc21\xae\xa8:\xc2S\xed\xc3LG\
):}\xae\xc5\xaex\x09\xbb\xe2%\xc7\xfd\xef\x16\x9a\
\x90\xed\x12V\x0eIm\x93p\x15I\xdd\xbf5\x05\x1a\
\xd8\xd6\x1d\xe1\x9c\xea.\xec\xe3\x14\x12^b\xafj\xc6\
\xf7\x8b\xad\xe0z\xfb\xf7!\x06n\xdd\xe3}\xcc\xff\xba\
\x14\x00\x03\xa4]K\x7f\xc7t\x88\xb7\xcb\x8f\xd5P\xc7\
\xf8\xd2\xe4\xef\xaf\x01\xfd\xb8\xe9\x1c\xa6]Y}\x84z\
i\x12\x94w\x5c\x141\xc7\xa6-\x1d \xea\xd8\xfd\xbe\
\xf9\xffI\x9fc\xb33\xea\x8d>\xfe'b\xbft\x18\
\xfb\x17[\xe4\xe6_\xa4\xb6.\xeb\x93\xf3\x01\x06J\xf1\
\xd0\x15U\xf7\xad7\x1d\xe3\xed\xf2\xae\x00\x00\xb0\xb0\xff\
\x0d<\xb7\x05:\xa3,4\x1f\xab;\x8c\xe5\xf1'E\
\xf1N-\xf1 \x0d\xbda\xd31\x06\xc5^\xde\x88\xfd\
\xabm(\xf9\xfc/Z\xa9$r>\xc0\xc0\xb8\x96V\
\xffa:\xc4\xf1\xe4e\x01\xf0\xf7\x93\xbf\xbb\x16\xad\xfe\
`:\x87i\xe3\x82}\x5c\x5c\xdea:\x86\xc8\x82\x86\
\xde\x12\x1a\xfb\xbc\xb5\x98\xca^\xba\x1f\xdfov\xc8\xcd\
_\xc8\xf9\x00\x03\xf3\xe0\xdc\xea\x85\x1bL\x878\x9e\xbc\
,\x00\x00\x5cm}\x0b0zPB>\xb8\xa6\xba\x95\
R\xe9\x12X\x90vGKhOzc\xb7\x87o\xf1\
>|\xbf\xdf-\xab\xfd\x05p\xf4|\x80}k\xf2\xb7\
\xb1V\x1eI+W\xe5\xdd\xdc\xff\x9f\xe4m\x01p\xf3\
\xd4\xff\xde\xa6\xe1\xd7\xa6s\x98\x16\xb6\x1d\xae\xa9\x91\x06\
A\x85H\xa3\xd8\xd2UFk\x22\x8f\x8b\x00\xad\xf1=\
\xb4\x1b\xfb\x0f{M'\x11yf\xddcr>\xc0\xa9\
h\xb8\x7f^\xed\xc2\xad\xa6s\x9cH\xde\x16\x00\x00~\
K-\x00\x8a~\xb2\xe9\xc2\xb2NF\x06\xe4L\xf5B\
\xe4j\xd8\xd6U\xc6\xe1\xbe\xa0\xe9(\xef\xa0\xd2\x1a\xdf\
\xbd\xdb\xb0\x97\xec7\x1dE\xe4!9\x1f\xe0TT\x9f\
\xa3\xf3\xf7\xe9\x1f\xf2\xbc\x00\xf8\xe2\xc4\xdb\xf6\xa3\xf5\x9d\
\xa6s\x98f)\xcd\xd5\xd5\xad\xa6c\x88,\xd1\xc0\xce\
hi~-\x0c\x8c\xa5\xf1\xdd\xbe\x1e\xfb\x95&\xd3I\
D\x9e\xd2.\xac{BF\x01N\xe2\xf6\xabj\x16\x1e\
4\x1d\xe2d\xf2\xba\x00\x00PA\xfb\xbf4\x14\xfd\xc1\
\xe23K\xa3\xb2-\xb0\xc05\xf4\x96\xb0\xb1\xb3\x9c\xa4\
\xe9\xb3\x0a:\x12\xf8\xbf\xb7\x16k\x9b,@\x15'\xb7\
Q\xce\x078\x91\x8e\xa4\xe5\xcf\x9b\x9e\xff'\x92\xf7\x05\
\xc0\x8d\xa7}\xb7C\xa1\xbeo:\x87i\x0a\xcdUU\
2\x0aP\xe8:\x92~\xd6\xb4U\xd2\x912\xd3hE\
\x1d\xec%\xf0_\xab\xb1\x0e\xf4\x18y\x7f\xe1-\xb1.\
\x97\x9d/\xc8\xf4\xe4\xdbi\xcd\xbf_S\xf9\xf3\xbc\xaf\
\xa0\xf3\xbe\x00\x00p\x88\xdd\x0e\xec2\x9d\xc3\xb4\x19\xa5\
=\x8c\x90\xb5\x00\x05/\xa9\x15\x9b:\xca\xd9\xdbS\x82\
\x93\xc3v\xd0\xd6\x866\x02\xff\xbd\x1a\xd5.\xdfc\xa2\
\xff\xd6<*\xd3\x00\xc7\xd2\xb0\xdb\xa9.\xb9\xcbt\x8e\
\xfe\xf0D\x01p\xcb\xe4;\x12\x0a\xfd-\xd39LS\
h.\xad,\xfa\xd9\x90\xa2\xa0\x81\x03\xb10o\xb4W\
\xd0\x1a\xcf\xfe.\x01{\xf9!\xfc?\xdd\x08q\xd9r\
*\x06\xa6qk\x8a\xa6m\x85q\xbeE&XJ\xdd\
z\x95\xba\xc3\x13U\xb4'\x0a\x00\x80\x1b'\x7f\x7f\x11\
\xf0\xa2\xe9\x1c\xa6\x9d_\xdaE\xc4\x92\x0f\xe9b\x91p\
l\xb6v\x97\xb1\xbe\xb3\x9c\x9et\xe6\x8f\x0eVi\x8d\
\xff\xd7;\xf0\xfdz\x87\xec\xf1\x17\x83\xf6\xc6#2\x0a\
\x00\x80\xd6\xcf\xcf\xabZ\xf8\x98\xe9\x18\xfd\xe5\x99\x02\x00\
\x00\xad\xbfL\x91\xf7\x9f\xf2[.\xe7\x95w\x99\x8e!\
r\xac+\xe9gM{%\xeb;\xca3\xd6<HE\
\x93\xf8n_\x8f\xb5\xfcPF\xae'\x8a\xd7\x8e\xe5\x09\
\xa2G\x8a\xfa\xa3\x19\xc0\xb1\x94\xf5U\xd3!\x06\xc2S\
\x05\xc0MS\xbe\xbf\x0e\xd4\x03\xa6s\x98vQ\x85L\
\x03\x14\xab\xae\x94\x9fM\x9de\xaci\xaf\xa0%\x1e\x1c\
\xf4y<\xd6\x9en\x02\xff\xf6\x86\xac\xf4\x17\x19\xe1\xa4\
5\x1b\x9f,\xeeQ\x00\x0d\xf7\xe4k\xcb\xdf\x13\xf1T\
\x01\x00\x80\xcf\xfd6P\xd4\x8f\xc0\xc3\xfdI\xc6\x87\xfa\
L\xc7\x10\x06\xf5\xa4}l\xeb.\xe5\xd5\xb6j\xb6G\
KiO\x06\xfa}z\x96\xfdJ\x13\xfe\xef\xad\x85\x0e\
OLS\x0a\x8fX\xf7x\x1fN\xb2h\xa7\x91:\x1c\
\xbf\xfb\xaf\xa6C\x0cT\xe6'\x15\xb3\xec\xa9\x9f\xac\xec\
\xb9\xe6\xcbszA]i:\x8bIIm\xb1%V\
j:\x860\xcc\xd5\x8a\xde\xb4\x8f\x96x\x90\xc3}!\
\xe2\x8e\x0f\xd0\x04,\xdey\x92\xa4\xe3\xe2\xff\xdf\x9d\xd8\
\x8f\xec\x91\xa3|E\xc6\xa5\xe2\x9a\xaa1>\xea&\xfa\
LG1@\x7f\xed\x8a\xca\xfb=\xb7F\xcd{#\x00\
@\xcb\xc4\xc8\xcf4\xac2\x9d\xc3\xa4s\x22\xddrT\
\xb0x\x8b\x94kq\xb8/\xc8\xe6\xaerV\xb6U\xb1\
\xba\xbd\x82]=\x11Z\x13\x01\x92\xdd\x0e\x81\xef\xaf\x93\
\xf9~\x91Uo<\xdck:\x82\x09\xab;\xab\xa2\xbf\
0\x1db0<Y\x00,P\x0b\x5c\xb4{\x0bE\xbc\
 \xb0\xdc\x97f\x82L\x03\x88\x13\xd1\xd0\x9b\xf6\xd1\x18\
\x0b\xd1\xbc&N\xe0_W\xa1v\x16\xf5\xcc\x99\xc8\x81\
\x96\x1di\x1a7\x17\xd5)\x81\xaev\xdd\x9bnP\x8b\
<\xb95\xcb\x93\x05\x00\xc0\x97\xa6\xfc\xe05\xadYh\
:\x87IgE\xa2\xa6#\x88<\xa6\x5c\x97\x09\xcfm\
\xe1\x9c{_ \xd8-m\xa4En\xac~\xa4x\x1e\
L\x14\xdc=\xbf\xf6\xfe\xd7L\xe7\x18,\xcf\x16\x00\x00\
\xa1T\xea\x9f\x80\xa2\xed\x8f;\xbd\xa4(\x87\xdbD?\
\x84:c\xbc\xeb\x9e\x17\x98\xb8l\x0b2S$ri\
\xe7KE\xb2%P\xeb\x96\x84\x15\xf8g\xd31\x86\xc2\
\xd3\x05\xc0\xe7\xce\xb8\xbd]\xa1\xbef:\x87)\xa3\x02\
q\xaa}\xd2\x81K\xbcU\xdd\x96F\xde}\xc72*\
\x1b\xdaLG\x11E\xc8Ik\xd6?^\x04[\x02\x95\
\xf5\x15/\xf4\xfb?\x19O\x17\x00\x007N\xbe\xed7\
\xa0\x17\x9b\xcea\xca\x14\x19\x05\x10o\xb2\xd2\x0eS\x9f\
X\xcf\xd9\xbf^\x89?VT\xf3\xb0\x22\xcf\xac_\x5c\
\xf0\xa7\x04.\xb9\xbcz\xe1\xefL\x87\x18*\xcf\x17\x00\
\x00>\xcb\xfa\x12P\x94\x13\xe2\x13\x82EPi\x8bS\
*?\xd4\xc9\xf9?{\x9e\xb1+v\x9a\x8e\x22\x04\xb1\
.\x97\xad\xcb\x0as\xdd\x89\x82\xa8\xd6\xee\x17M\xe7\xc8\
\x84\x82(\x00\xbe8\xf1\xb6\xfdJ\xe9o\x9b\xcea\xc2\
\x84p\xf1,\xb8\x11\xef\xa4\x5c\x97q/l\xe3\xdc\x9f\
?Oi\x93\xac\xf2\x17\xf9\xe3\x8d\x87b\x05y\xbc\x84\
\x0b\xdf\x9c_s\xff\x01\xd392\xa1 \x0a\x008\xda\
\x1b\x00Xi:G\xae\x8d\x08$\x09[E\xb0\xe0F\
\xbcCis7\xe7\xdd\xf5G&?\xbd\x09\xcb\x91\xef\
\x01\x91_\x8e\xecM\xb3\xef\x8d\x82\xeb6\xf9\xea+U\
c\xee6\x1d\x22S\x0a\xa6\x008\xda\x1b\x80\xcf\x01\x85\
9\xeet\x02\x0a\xcd\xa8`Q\xfd\x96\x8b\x9e\xd20v\
\xe5.\xce\xbfs\x19\xe5\x87<\xbd\x06I\x14\xb87~\
_HS\x94\xaaO\xbb\xf6\xa7\x17\xa8\x05\x05Sm\x17\
L\x01\x00p\xd3\x94\xefmU\xa8\xa2\x9b\x0a\x18\x15(\
\xb8*[\x9c@\xb8\xbd\x97\xd9\xf7\xbc\xc0\xd4\xc5\xeb\xb0\
\xd2\x05\xf39$\x0a\xd4\xbe5IZv\xa4M\xc7\xc8\
\x08\xad\xf8\xe6\xfc\xda{\xb6\x99\xce\x91I\x05U\x00\x00\
\xb4L\x0a\xff\x18\xf0\x5cO\xe6\xa1\x90\x02\xa0\xf0)\xc7\
e\xdc\x8b;\xb8\xe0\xc7K\xa9\xdaW\xb4\xad/\x84\x07\
\xbd\xbe\xc8\xfb;\x95\x14\xbc\xf4Je\xfd\x9d\xa6sd\
Z\xc1\x15\x00\x0b\xd4\x02\xd7J[\x9f\xa2\x88v\x05\x0c\
\xf3\xcb\x96\xafBV~\xa8\x83\xf3~\xfeG&/\xd9\
\x80\x9d\xf2d\xc7QQ\xc4\xb6-O\xd0\xd5\xec\xe9\xef\
\xdbnK\xf1\x89B\x1a\xfa\xff\x93\x82+\x00\x00\xfe~\
\xdaw\xf7\xa1\xd4\xad\xa6s\xe4J\x8d\x14\x00\x05\xc9\x17\
O1\xf5\x89\xf5\x9c\xf7\xb3\xe7e\xae_x\x96\xebh\
V?\xec\xdd\xb5\x00J\xa9\xaf\x5cVuo\x83\xe9\x1c\
\xd9P\x90\x05\x00\xc0\x8d\x13o[\x88\xe6)\xd39r\
\xa1\xda\x97B)\xd3)D&\x0d\xdbz\x98\x0b~\xfc\
,cW\xecD\x15\xe2^*QT6<\xd5G\xbc\
\xc7\x93\xdf\xc7\x8f\xcf\xabZx\xbf\xe9\x10\xd9R\xb0\x05\
\x80R\xe8\x94\xcf\xf7\x19\xa0\xd9t\x96l\xf3)M\xa9\
\xe5\xe9!6\xf1\xa6p{/\xe7\xdc\xff23\x7f\xb5\
\x82P\x97w\x9f\x9a\x848V*\xa6Y\xb7\xd8c\xdf\
\xcf\x8af+\xa5\xbe`:F6\x15l\x01\x00\xf0\x95\
\x09\xff\xd5\xec\xa2>\x05x\xb2\xf4\x1c\x88R\xbb0V\
\xda\x16+;\x99f\xc2s[\x98s\xfbRjv4\
\x99\x8e#D\xc6\xady(\xe6\xa5\xf6\xc0\xaev\xd5'\
\xe6\x0e_X\xd0\x0f\x90\x05]\x00\x00\xdc<\xf9\xb6g\
@\xfd\xd8t\x8el\x8b\xd82\x02\xe0IZ3|\xe3\
A\xe6\xdc\xbe\x94\x89\xcb\xb6`\xa5\xe5\xefQ\x14\xa6\xde\
\x0eO\xb5\x07\xfe\xc1\xfc\x9a\x85\xcf\x9a\x0e\x91m>\xd3\
\x01r\xc1!\xf6O6\xe1K\x80Y\xa6\xb3dKD\
F\x00<\xa7\xe2@\x1bS\x9f\xd8@\xc5~9\xb5O\
\x14\x87U\xff\x17\xe3\xac\xf9\xe1\xbc~\xf4T\xa85\x1d\
U]\xffb:G.\xe4\xf1_C\xe6\xdc2\xf9\x8e\
\x04\xca\xba\x81\x02\xde\x1a\x180\x1d@\xf4[\xa8+\xc6\
\x99\x0f\xbe\xcey?_.7\x7fQT\xda\x0f\xa4\xd9\
\xf3z\xfe\xf6-Q\x10U\x8e\xfa\xd8\x0djQQl\
\xad*\x8a\x02\x00\xe0\xa6I\xdf\xdd\x85\xd2_2\x9d#\
[|\xaa\xe0\xb6\xa8\x16\x1c_<\xc5\xa4g6q\xe1\
\x0f\x9ea\xe4\xda\x06\x0a\xf2\xa4\x14!Na\xd5\x83\xf9\
\xbb\x18P\xa3n\x9c;\xec\x17;L\xe7\xc8\x95\xa2)\
\x00\x00n\x9a\xf4\xfd_i\xcd=\xa6sd\x83\xad\xe4\
f\x92\xaf\xecd\x9aq/l\xe3=\xdf[\xc2\xf8\xe5\
\xdbd\x9e_\x14\xb5\x03k\x93\x1c\xde\x9a2\x1d\xe3\x1d\
\x14\xdcuy\xf5\xc2\xdf\x98\xce\x91KEU\x00\x00D\
\xfc%_\x06\xd6\x98\xce\x91i\x96\x14\x00y\xc7r\x5c\
\xeaW\xed\xe1\xc2\x1f<\xc3\xe4\xa77\xe1\xef+\x8aQ\
E!Ni\xe5o\xf2\xae=\xf0\xfaHo\xf7\xd7M\
\x87\xc8\xb5\xa2+\x00>=~A\x5c\xdb\xce\x87\x80\x82\
\x9a|M\xeb\xa2\xfb\xab\xcc[\xcau\x19\xb9v?s\
~\xf4\x0c\xd3\x1e]C0\xdag:\x92\x10ye\xcf\
+\x09\x0eo\xcf\x9bQ\x80N\xcb\xd2\x1f\x9a3fQ\
\xd1\xfd\xa0\x16\xe5]\xe3K\x13~\xd8\xa0\xb5\xfe[\x0a\
\xa8?@ZK+@\xd3\x94\x86\x91\xeb\xf63\xe7G\
K9\xf3\xc1U\x84\xdb\xf3\xee)G\x88\xbc\xf1Z~\
\x8c\x02h\x0d\x9f\x9c[y\xdf\x1e\xd3AL(\xca\x02\
\x00\xe0KS\xbe\xff\x04\xe8\xdbL\xe7\xc8\x14)\x00\xcc\
\xb1\x9c\xa3O\xfc\x17\xdc\xfe\x0cg\xfe~\x15%m=\
\xa6#\x09\x91\xf7v\xadL\xd0\xba\xdb\xec\xf6e\xad\xd5\
w\xe6W\xdf\xbb\xd8h\x08\x83\x8a\xb6\x00\x00h\x9d\x14\
\xf96\x8a'M\xe7\xc8\x84^\xd76\x1d\xa1\xe8\xd8\x89\
4cW\xee\xe2\xc2\xef?\xcd\x99\x0f\xae\x22\xd2Z\xb0\
\xbbL\x85\xc88\xada\xe5\xaf\x8d\x8e\x02,~\xa5\xba\
\xfe;&\x03\x98V\xf4\x8f\x8d?\xddys\xb9E\xc9\
+\x0a=\xddt\x96\xa1\xf8\xee\x81\x09\x1cH\x84L\xc7\
(\x0a\xfeX\x821\xaf\xecf\xec\xca]\xf8c\xb2\xb0\
O\x88\xc1R\x0a>\xf5\x8b\x1a\x86M\xc8qO:\xc5\
\x0e\xa5\xed\xf3\xe6U\xdf\xd3\x95\xdb7\xce/E=\x02\
\x00p\xcb\xe4;\xba\x95\xd6\x1f\x01\xd5m:\xcbP\xc8\
\x08@\xf6\x85:cL}b=\x17\xdd\xb6\x84\x89\xcb\
\xb6\xc8\xcd_\x88!\xd2\x1a^\xfbmnG\x01\x14D\
]\xd7\xfaP\xb1\xdf\xfcAF\x00\xfe\xec\xae\x9d\xffp\
\x9d\x86G\xf1`Q\xa45|e\xcf4Y\x07\x90%\
\x95\x0dm\x8c]\xb1\x93\xba\xcd\x8d(W\x1a.\x09\x91\
I\xca\x82\xcf\xdc_C\xf5\x98\x9c\x8c\x02\xb8J\xa9\x0f\
\xcd\xabZ\xf8X.\xde,\xdfy\xeef\x97-7N\
\xfe\xde\xe3(\xfe\x9f\xe9\x1c\x83\xd1\xed\xfa\xe4\xe6\x9fa\
v\x22M\xfd\xaa=\x5c\xf0\x93g9\xf7\xee?2|\
\xe3A\xb9\xf9\x0b\x91\x05\xda\x85Ws\xb7#\xe0\x9f\xe4\
\xe6\xff\x17r\xd78\x86\xd6\xa8\xbbv}\xe3\x01P\x9f\
4\x9de \xf6\xf4\x95\xf0\xc3C\xe3L\xc7(\x08%\
m=\x8c~}\x1f\xa3_\xdf#C\xfcB\xe4\x88\xb2\
\xe03\x0f\xd4P]\x9f\xc5Q\x00\xcd\x03\x97\xd7\xdc\xfb\
\xe9\xec\xbd\x81\xf7\x14\xc5i\x80\xfd\xa5\x14\xfa\xc1\xcd\x91\
\xcf\xb7\x06b\xe3\x80\x8bM\xe7\xe9\xaf#i\xbf\xe9\x08\
\x9ef9.\xb5[\x0fS\xbfj\x0f5\xbbZ\xa4G\
\xbf\x109\xa6]X\xf5\xbb\x18W|\xa3<+\xd7W\
\xf0R\xaa\xba\xe4\xef\xb2rq\x0f\x93\x11\x80\xe3X\xb8\
\xf9\xab\xd5\x89\x80\xff\x15`\x8a\xe9,\xfd\xf1X[\x1d\
K;jM\xc7\xf0\x9cHK\x94Qk\x1a\x18\xf5\xc6\
^\x02\xbd\xf9{B\x99\x10\xc5@Y\xf0\xd9\x07j\xa9\
\xaa\xcf\xf8\x82\xe6=i\xbf\xfb\xee\xab\xca\xeeo\xcd\xf4\
\x85\xbdN\x0a\x80\x13\xb8k\xc77'h\xe5\xbe\x0a\x0c\
3\x9d\xe5T~\xde8\x96M\xb1R\xd31<\xc1\x1f\
K2|\xd3A\xea_\xdbCYc\xa7\xe98B\x88\
c\xcc\xb8*\xcc\xfc\xafgt\x14\xa0\xcdr\xac9\xc5\
t\xc2\xdf@H\x01p\x12wm\xff\xc6E\xdaRK\
\x81\xbc\xde`\xff/\xfb&\xd3.\xd3\x00'd\xa5]\
j\xb7\x1ff\xd4\xea\x06jw4\xa1\x1cY\xcc'D\
>\xb2\xfc\xf0\xd9\xfbk\xa9\x1c\x95\x89Q\x00\xd5\xa7\xb5\
\x9a;\xbf\xe6\x17+3p\xb1\x82$\x05\xc0)\xbc\xb9\
=\xf0\x11 /7\xdaw9>\xbe\xb5\xd7\x133\x15\
9e\xa5\x1djv\xb60|\xe3A\x86mm\xc4\x17\
\xcf\x9b\x83G\x84\x10'1mn\x88k\xbeU1\xd4\
\xcb8J\xa9\x1b\xe6U-|$\x13\x99\x0a\x95\x14\x00\
\xfd\xf0\xb3\x1d\xff\xf8E\x94\xbe\xdbt\x8e\xe3Y\xdbS\
\xce\xc2\xa6z\xd31\xf2\xc2[n\xfa[\x1a\xf1%\xe4\
\xa6/\x84\xe7X\xf0\xa9\xbb\xab\xa9\x9b4\xf8QM\xa5\
\xf4-\xf3\xaa\xee\xbb#\x83\xa9\x0a\x92\x14\x00\xfd\xf4\xb3\
]\xff\xf0\x1d4\xffb:\xc7\xdb=rd8\xcfu\
\xd6\x98\x8ea\x8c/\x9e\xa2v[\x13\xc37\x1f\xa4v\
[\x13V\xda1\x1dI\x081D\x13.\x08\xf2\xe1\xff\
\xac\x1c\xd4k\x95\xe6?\xe6\xd5\xdc\x9bw\x9f\xd5\xf9H\
\x0a\x80\x01\xb8s\xe77\xeeT\xa8\x9bL\xe78\xd6\x7f\
\x1f\x98\xc0\xc1\x22;\x03 \xd2\x12e\xd8\xd6C\xd4\xec\
j\xa5ro+\x96\xcc\xe9\x0bQp>\xf6\x93j\xea\
\xcf\x1a\xe0(\x80R\xf7\xce\xab\x5c\xf8y\xa5\x0a\xe7\xa8\
\xf7l\x92>\x00\x03p\xe4`\xe4+\xc3\xc6\xc4F\xa2\
\xf9\x90\xe9,\x00Q\xc7\xe6P\x22h:F\xd6\xf9c\
\x09\xaaw\xb7R\xbd\xab\x85a\xdb\x1a\x09v\xc7MG\
\x12Bd\xd9K\x0b\xa3|\xec'\xd5\xfd\x7f\x81V\x8f\
\xfa\xab\xea\xffNn\xfe\xfd'#\x00\x03\xf4\xe0\xe6\x05\
\x81#\x81\xd8\xe3\x1a\xe6\x9b\xce\xf2z\xb4\x82\x07\x9aG\
\x9b\x8e\x91q\xfeX\x92\xca\x866*\x1b\x8eP\xbd\xab\
\x85\xb2\xc6\x0e\x94\xfcH\x0bQt>\xfc\x9f\x95L\xb8\
\xe0\xd4\x0f9\x1a\x9e\xee\xaa\xea~\xff\x0dj\x91\xb4\xef\
\x1c\x00)\x00\x06\xe1G\x07\xbe\x1a\x0e\xc6\xfdK\x80\xf7\
\x9a\xccqoS=kz\xb2\xd39+\x97\x82\xd1>\
*\xf7\xb5\x1d\xbd\xe9\xef;\x227|!\x04\x005c\
}|ja5\xb6\xef\xc4\xb7*\x0d\xaf\x90L\xce\x9b\
?\xe2\xd7\xb9=V\xb0\x00H\x010H?\xddys\
\xb9M\xf89\xe0]&\xde?\xe5Z\xfc\xc3\xde)$\
\xb5\xb7\xces\xf2%\xd2\x94\x1e\xee\xa4\xbc\xb1\x93\x8a\x86\
6\xaa\xf6\x1d!\xd8\xddg:\x96\x10\x22O\xcd\xfdJ\
\x19\xb3\xae+9\xd1\x7f^\xab\xb0/\x95\xa3}\x07G\
\x0a\x80!\xf8\x9f\xed\xb7\xd6v69\x9b##\x02u\
*\xc7\xf7\xe1\xf5=\xe5\xdc\x93\xe7\xdb\xff\x82\xd1>\x22\
\xcd\xdd\x94\xb6D)?\xd8AYc\x07\x91\x96ny\
\xba\x17B\xf4[\xb8\xd2\xe2\xf3\xbf\xae!\x18y\xeb\x87\
\xac\x86\x0d\x01\x9f}\xd9\xa5\xe5\xf7\x1c1\x14\xcd\xf3\xa4\
\x00\x18\xa2\xcbg|\xb0\xce\xf2\xa7\x97\x85j\xfdg\x95\
\x8d\x09R^\x1f\xa4lL\x90\xb2\xfa\x00ec\x82\xd8\
\xfe\xecT\x06\x0b\x9b\xeaY\x9b\x07\xc3\xff\xcaq\x09w\
\xc4(i\xef!|\xa4\x87\x92\xf6^J\x9b\xbb)k\
\xec\x90\xd3\xf4\x84\x10\x19q\xee_\x95p\xc9\x17\xcb\x8e\
\xf9\x8a\xde\xe6O\xbb\x97^Z\xf7@\x93\xb1P\x05@\
\x0a\x80\x0c\xb8\xfa\xac\xab\xab\x92\xb6z\x068\xf7\xd8\xaf\
[>E\xb8\xd6OI\x9d\x9fH]\x80\x92:?%\
u\x01J\x86\x1d\xfdZ\xa8rp\x9b0z]\x9bo\
\xed\x9dBZg\xff\xaf\xcfr\x5c\x02=q\x02\xd1\x04\
\xa1\xee>\xc2m=\x94\xb4\xf5\x10n\xef\xa1\xa4\xad\x97\
PG\x0c%\xa7\xe7\x09!\xb2\xc8\xf2\xc3g\xef\xab\xa5\
r\xb4\x8d\x82\xed\x8ec_z\xc5\xb0{\x0e\x9b\xce\xe5\
uR\x00d\xc8%3?P\xe9\xc7y\x1a\xf4\xf9\xfd\
}\x8de+\x02\xe56\x81r\x1f\xe1*\x1f\xc1\x8a\xa3\
\xff\x1e\xaa\xf2\xe1/\xb5\xf1\x85\xac?\xff\xaf/h\xe1\
\x0b[\xf8\xc3\x16\xabz*\xf8m\xcf\xd8~g\xb3S\
\x0eV\xda\xc1\xd7\x97\xc2J\xbb\xd8\xa94\xbex\x1a\xcb\
q\xb0\x13i\xecD\x9a`\xb4\x8f@o\x92@4N\
0\x1a'\xd0\x93 \xd0\x1b\x97\xa7x!D^\x98r\
q\x88\xab\xbfU\xde\xe0\xb3\x99s\xf9\xb0\xfb\x1aM\xe7\
)\x04R\x00d\xd0`\x8a\x80lH\x87\xfch\xa5P\
\xae\x96v\xb8B\x88\x02\xa1\xb7\x5c\xf7\xad\xeakn\xbe\
\xe1\xd7{M')\x14R\x00d\xd8\xe53.\x8fh\
+\xf0\x04p\x89\xe9,B\x08Q\x08\xb4b\x8d\x1f\xe7\
\x8a%k\x97\xb4\x9a\xceRH\xa4\x00\xc8\x82\xcbg\x5c\
\x1e\xd1v\xe0q4\xef3\x9dE\x08!\xbcL+^\
\xc2\x8a_\xbbl\xf52\xd9\xea\x97a\xde\xdaD\xee\x11\
K7,\xed\x0dY\xeaZ\x05\xcbLg\x11B\x08\xcf\
R<\x9fN\x86\xaf\x92\x9b\x7fv\xc8\x08@\x16]9\
\xe9\xca`\xba\xcc^\x84\xe6Z\xd3Y\x84\x10\xc2K\x14\
\xfa1\xbb\xc7\xfd\xab%\xbb\x96$Lg)T2\x02\
\x90EKv-I\xf8\xa2\xce\xf5J\xf3\xb0\xe9,B\
\x08\xe1\x15Zq_\xc5\xe4\x92\x0f\xcb\xcd?\xbbd\x04\
 7\xd4\xdc\x99\xd7\xdc\xa6\xe0\x1b\xa6\x83\x08!D\x9e\
\xfb\xd9\x85\xeb\xdeu\xcb\x02\x16\xc89\xdfY&\x05@\
\x0e\xcd\x9by\xcd\x97\x81\x1f!#/B\x08\xf1NJ\
\xdd\xf6\xec\xda\xc5\xdf4\x1d\xa3X\xd8\xa6\x03\x14\x93=\
M;^\x9b0b\xea.\x05\xd7\x22\x7f\xf6B\x08\xf1\
'\x8e\xd6|y\xd9\xba'\xfe\xcbt\x90b\x22#\x00\
\x06\xcc?\xfb\xeaK]e=\x0a\xba\xc2t\x16!\x84\
0\xacW\xb9|l\xe9\x86'\x16\x9b\x0eRl\xa4\x00\
0d\xfe\xd9\xd7\x9e\xe1Zz\x09\x9a1\xa6\xb3\x08!\
\x84!\x8d\xca\xd2\xd7-]\xf3\xe4j\xd3A\x8a\x91\xcc\
E\x1b\xf2\xcc\xfa\xc5\x9b\xc1z7\xb0\xdet\x16!\x84\
\xc85\x05\x1b\xb4\xad.\x90\x9b\xbf9R\x00\x18\xf4\xec\
\xda\xc7\x1bS\xf8.\x01^0\x9dE\x08!rF\xf1\
\x8c\x1dt.Z\xb6z\xf1~\xd3Q\x8a\x99\x14\x00\x86\
-_\xf7\x87\xceTe\xcf\x15\xa0~i:\x8b\x10B\
d\x9d\xe6\xa7\x95\x93\xc2W/ymI\xb7\xe9(\xc5\
N\xd6\x00\xe4\x91\xcbg^\xfd\x05\x8du'h\xbf\xe9\
,B\x08\x91a\x8eR\xeakK\xd7.\xfe\xa9\xe9 \
\xe2()\x00\xf2\xcc\xdc\x99\xd7\x5c\xa2\xe0A`\x98\xe9\
,B\x08\x91\x09\x1a\xa2\xa0?\xb6l\xdd\x93O\x9a\xce\
\x22\xfeB\x0a\x80<t\xe5\x8c+\xeb\xd3\x96\xfd\x08p\
\xae\xe9,B\x081D;\x94\xab?\xbct\xc3\x93\x9b\
L\x07\x11o%\xcdh\xf2\xd0\xae\xe6]\xddcO\x1f\
\xf5k;\x1e\x1c\x03\xcc4\x9dG\x08!\x06C\xa1\x1f\
\xd3v\xe2\xeag\xd7=s\xc0t\x16\xf1N2\x02\x90\
\xe7\x8e\xae\x0bP?\x03|\xa6\xb3\x08!D?\xa5\xd1\
\xfa\x9f\x9f]\xff\xe4\xf7\x00m:\x8c8>)\x00<\
`\xde\xack\xdf\x8b\xd6\x8b\x90u\x01B\x88\xfc\xd7\x8a\
\xe2c\xcf\xae}\xe29\xd3A\xc4\xc9I\x01\xe0\x11\xef\
\x9b}\xe5D\xdb\xb1\x1f\x06\xce6\x9dE\x08!\x8eG\
+^\xb2\xad\xd4_=\xb3\xfa\x99\xc3\xa6\xb3\x88S\x93\
5\x00\x1e\xb1\xf7\xf0\xae\x8e\xa9\xa5\x13\xefw\xfdV9\
\x8a\xf3\x90\xe2M\x08\x91G4\xea\x9e\x0e\xfb\xf0G_\
Z\xfdR\x97\xe9,\xa2\x7f\xe4&\xe2A\xf3f]}\
\x1dZ\xdd\x07\xd4\x98\xce\x22\x84(z=J\xf3\xb9\xa5\
\xeb\x9f\xf8\xbd\xe9 b`\xa4\x00\xf0\xa87\xb7\x0a\xfe\
\x1a\xb8\xc4t\x16!D\xd1z\xdd\xd5\xee\xdf<\xb7\xfe\
\xa9\x1d\xa6\x83\x88\x81\x93\x02\xc0\xdb\xd4\xbc\x99\xd7\xdc\x02\
\xea\xfb\xd2=P\x08\x91C.\x9a;+\xd3\xe1o,\
\xda\xbc(i:\x8c\x18\x1c)\x00\x0a\xc0\xfc\xb3\xaf9\
\xcfU\xfc\x0e\x98`:\x8b\x10\xa2\xe05(\xe5~r\
\xe9\xda\xa7^4\x1dD\x0c\x8d\x1c\x06T\x00\x9eY\xff\
\xc4*_\xd0\x99\x05\xfaw\xa6\xb3\x08!\x0a\x99Z\x14\
p\xf4,\xb9\xf9\x17\x06\x19\x01(0o6\x0e\xfa\x11\
\x101\x9dE\x08Q0\xda\x95\xe2\x8bK\xd7>\xf1\x90\
\xe9 \x22s\xa4\x00(@W\xcc\xfc\xc08\x97\xf4/\
4\xcc5\x9dE\x08\xe1q\x9a\xe7|\xda\xf9\xdb%\x1b\
\x96\x1c4\x1dEd\x96\x14\x00\x85K\xcd\x9dy\xcd\xe7\
\xd4\xd1\x05\x82\x15\xa6\xc3\x08!<F\x13W\xa8o-\
]\xbf\xf8\xc7H;\xdf\x82$\x05@\x81\x9b?{\xfe\
H\xc7\xf1\xdf\xa5\xe0\x03\xa6\xb3\x08!\xbcA+^\xb2\
,\xf5\x85\xa5\xab\x17o3\x9dEd\x8f\x14\x00Eb\
\xde\xcc\xab\xaf\x07u\x17Pk:\x8b\x10\x22ou*\
\xf4?.]\xf7\xe4/\x90\xa7\xfe\x82'\xad\x80\x8b\xc4\
\x9e\xa6\x9d[\xc6\xd7\x9e\xfe+e\xe9q\xc0t\xd3y\
\x84\x10\xf9F-R\xae\xff\xaa\xa5\xeb\x1f\x97\x15\xfeE\
BF\x00\x8a\xd0\xe5\x16\x80\xbb\xce\x00\x00\x06eID\
AT3\xae\xb9V[\xdc\x0d\x8c2\x9dE\x08a\xdc\
!\x85\xfa\xd2\xd2u\x8b\xff`:\x88\xc8-\x19\x01(\
B\xbb\x9bw\xec\x18?\xf6\x8c_Z\x8e[\x05\xccB\
\x0aA!\x8a\x91\x83\xe2\xc7\xcaM~x\xe9\xfa%\x1b\
M\x87\x11\xb9'\x1f\xfcEn\xee\xd9\xd7\xcdR\xca\xb9\
\x03\xd4\x85\xa6\xb3\x08!rf\xbd\xa5\xf9\xc23\xeb\x9f\
Xe:\x880G\x0a\x00\x01\xa0\xe6\xce\xba\xe6\x13J\
\xab\xef\x82\x1ei:\x8c\x10\x22k\x8e(\xd4\xbf&+\
\xa3\xf7,_\xbe<m:\x8c0K\x0a\x00\xf1g\x97\
\xcf\xb8<\x82\x15\xf8\x86\x86o\x02A\xd3y\x84\x10\x99\
\xa2R\x1a\xeeO\xdb|{\xf9\xea\xc5GL\xa7\x11\xf9\
A\x0a\x00\xf1\x0e\xf3f^3\x19\xd4\xed\xa0\xaf6\x9d\
E\x0814\x0a\x96)\xad\xbe\xf2\xcc\xfa\xc5\x9bMg\
\x11\xf9E\x0a\x00qBsg]=Wi\xf5S`\
\x9a\xe9,B\x88\x01\xd2lCq\xeb\xb3\xeb\x9ex\xca\
t\x14\x91\x9fd\x17\x808\xa1=M;\xf7L-\x9d\
\xb8\xd0\xf5\xab\x1e\x94:\x07\x08\x9b\xce$\x848\xa5V\
\xb4\xba\xb5rJ\xf8s\x8b\x9f\xff\xc3\x0e\xd3aD\xfe\
\x92\x11\x00\xd1/\x97\xcc\xfc@\xa5O\xa5oU\x9a\xaf\
\x00\xa5\xa6\xf3\x08!\xde!\xa1\xd0w\xb8v\xe2?\x96\
\xad^\xd6e:\x8c\xc8\x7fR\x00\x88\x01\xb9d\xf6\xb5\
\xb5~\x97\xaf\xa3\xf5-\xc8\x88\x80\x10y@\xa5\xd0\xfa\
\xff\xb4\xab\x17,\xdb\xf8\xe4\x1e\xd3i\x84wH\x01 \
\x06\xe5\xca\x19W\xd6\xa7\x95\xfd\x0d\x14\x7f\x07\x04L\xe7\
\x11\xa2\xf8\x1c\xbd\xf1[\xb6\xf5\x9dg\xd6<\xbe\xcbt\
\x1a\xe1=R\x00\x88!\xb9b\xe6\x07\xc6\xa5q\xfeI\
\xa1?\x8b\xac)\x11\x22\x17\x5cP\x0f\x83\xfe\xf6\xb3\xeb\
\x9e\xd8i:\x8c\xf0.)\x00DF\x5c6\xeb\xfd\xd3\
-\xed.\x00\xfd\x11\xe4\xfbJ\x88lpA=l\xbb\
\xea_\x9e\xde\xf0\xf8v\xd3a\x84\xf7\xc9\x07\xb5\xc8\xa8\
\xf9\xb3\xae9\xdbu\xb9\x15\xc5_##\x02Bd\x82\
\x0b\xeaae\xf3\xff\x96\xae^\xbc\xcdt\x18Q8\xa4\
\x00\x10Yq\xf9\xeckO\xd7\x0e\xdf\x04\xfe\x1a\xb4\xdf\
t\x1e!<(\xa1\x15\xff\xab\xb1\x7f\xf8\xdc\xda\xc7\xb6\
\x98\x0e#\x0a\x8f\x14\x00\x22\xab\xde7\xeb\xaa\xd3l\xac\
\xaf\xa3\xf94\x101\x9dG\x08\x0f8\xa2\x15w\xa7}\
\xee\xcf\x96\xbf\xfeT\x93\xe90\xa2pI\x01 r\xe2\
\xca\xf3\xaf,O'\xecO\xa3\xb8\x15\xcd\x18\xd3y\x84\
\xc87\x0a\xb5[\xa3\xefPnr\xe1\xd2\x0dK{M\
\xe7\x11\x85O\x0a\x00\x91S\xd7\x9fq}\xa0\xd3\x1f{\
?\xa8\xaf\x03\xe7\x99\xce#\x84yz\x05\xf0\x93\xca\xc9\
%\x8f,Z\xb4\xc81\x9dF\x14\x0f)\x00\x841s\
g^s\x89B\xdd\x08|@\xd6\x09\x88\x22\x93F\xf3\
\x10\x96\xfb\xc3g\xd7>\xf5\x86\xe90\xa28I\x01 \
\x8c\x9b7\xeb\xbaQZ\xbb\x9fW\xf0\x05`\x94\xe9<\
Bd\xd1^\xa5\xb9/\x0d\xf7?\xbf\xfe\x89C\xa6\xc3\
\x88\xe2&\x05\x80\xc8\x1b\xb3g\xcf\xf6\xd7\xb8#\xdf\xaf\
\xe1sh\xe6\x01\x96\xe9LBd@\x02\xcd\xa3\xda\xd2\
\xf7\xbeg\xed\xb9\xcf/`\x81k:\x90\x10 \x05\x80\
\xc8S\xef;\xfb\x9a\xd16\xfaoP\xea\x0b\xc0\x04\xd3\
y\x84\x180\xcd6\xd0\x0f\xf8,\xf7\xbe%k\x97\xb4\
\x9a\x8e#\xc4\xdbI\x01 \xf2\xda\x02\x16X+g\xae\
\xb9L\xe3|\x1a\xd4\x07\x90\x03\x88D\x1e\xd3\x10U\xf0\
{m\xa9{\x97\xadY\xfc\xaa\xe9<B\x9c\x8c\x14\x00\
\xc23\xae\x9bz]Y<\xec|\x08\xd4\xdfh\xb8\x14\
\xe94(\xf2C\x1a\xc5s\xda\xe5\xf7\xe9tx\xd1\xf2\
\xcd\x8bzL\x07\x12\xa2?\xa4\x00\x10\x9e4o\xd6u\
\xa3\xc0\xf9\x18Z}\x0c\x98m:\x8f(:i\xd0\x7f\
\x04\xebA7\xe0{\xf4\xb9U\x8f\xb6\x99\x0e$\xc4@\
I\x01 <o\xee\xeck\xc7*G\x7f\x10\xf4\xf5\xa0\
\xe6 \xdf\xd7\x22;\x5c\xd0\xaf\x80Z\xe4\xa6\xad\xff{\
n\xd3\xe3\xcd\xa6\x03\x091\x14\xf2A)\x0a\xca\x9b\xc7\
\x13\x7fD\xe1~\x00\xd4\xbb\x91i\x0214\x0e\x8a\x17\
\x80E>\x9c\x87e1\x9f($R\x00\x88\x82u\xc9\
\xeckk\x03\x8e{5Z]\xeb*.WPf:\
\x93\xf0\x8464\xcf*\xa5\x9f\xc6\x0d,Y\xba\xe1\xd1\
\x16\xd3\x81\x84\xc8\x06)\x00DQ\xb8r\xd2\x95\xc1T\
\xc4\xba\xc4R\xd6\x15\x1a=\x1f\x98f:\x93\xc8\x1b\x0e\
\x9a\xd7\xb5\xe2i\xcbu\x9f\xae\x98\x1ayCZ\xf2\x8a\
b \x05\x80(J\x97\x9dy\xddp\xcb\xe7\x5c\x8cV\
\xd7\xa2\xb8\x1a\xa86\x9dI\xe4T+\xa8\xe5\x0awY\
\xd2\xaf\x1f\x97S\xf7D1\x92\x02@\x14\xbd\xeb\xaf\xbf\
\xde\xee\xde\x1e?[+\xde\xab\x95\xbe\x04\xb8\x08\xa82\
\x1cKdV\x8b\x86\x95J\xe9\x97\xd1\xfa\xb9g\xd7=\
\xb5\x1e\xd0\xa6C\x09a\x92\x14\x00B\xbc\xcd\x02\x16X\
/\x9f\xbd\xe6l\x94\xf3^\x855\x07\xf4\x05@\xbd\xe9\
\x5c\xa2\xdf\x5c`\xab\x82\x95\xa0Wh\xd4\xcag\xd7=\
\xb1\xd3t(!\xf2\x8d\x14\x00B\xf4\xc3\x953\xae\xac\
O)\xdf\x1cKq\x81\xd6\xfa\xdd\xc0L\x14!\xd3\xb9\
\x04\x001`\x95z\xf3f\x1fp\xf4+On|\xb2\
\xc3t(!\xf2\x9d\x14\x00B\x0c\xc2%\x97\x5c\xe2\xf3\
\xb5\x95L\xb3lu\x8e\xd6\xea\x1cm1\x0b\xcdL\xd9\
i\x90m\xaa\x0b\xf4:`\x1d\xa8u\xe0\xacKU\xc6\
6-_\xbe<m:\x99\x10^#\x05\x80\x10\x19\xb2\
\x80\x05\xd6\xcbg\xbd>N\xf98ScMG\xeb3\
\x15L\xe7\xe8?A\xd3\xf9<&\xa6\x15\xdb\x94V[\
\xb4b3\x9a\xad\x96\xcb\x86\xa5\x1b\x16\xef5\x1dL\x88\
B!\x05\x80\x10Yv\xfd\xf5\xd7\xdbm{z\xc6Y\
ik\x12\xa8\xc9J1\x09\x98\x0cL\x025\x1e\xb4\xdf\
tFC\x12\xc0\x1e\x0d\xbb-\xd4.W\xeb\xdd\xdav\
w\xa9\x94\xda\xf1\x9e\x8d\xe7\xee\x93cs\x85\xc8.)\
\x00\x840h\x01\x0b\xac\x15\xb3\xd6\x8cpqOS\xae\
\x1a\xa3,w\x0c\xae\x1a\xab\x15c-\x18\xaea\x040\
\x1c(1\x9du\x80b\xa0[\xd0\xaa\x09K5\xa2\xf5\
\x014\xfbQ\xfa\x80\xab\xd4A\x0b\xab\xe1\xc2\xb5\xe74\
\xc9M^\x08s\xa4\x00\x10\xc2\x03.\x9fqyD\xf9\
B#]\x97\xe1\xcau\xab]\x9b*\x0bU\xa9\xa1R\
i\xaa4n%X\x11\x85\xae\xd2\xe0\x07JA\x87A\
\x85\x80r\x8em\x89\xac\x09\xbfc\x01\xa3&\x8e\xa2\xef\
\x98\xaf\xa4\x81(\xe88\xa8>\xa0GAJC'\x10\
\xd5\xe8N\xa5\xacN\x05\x9d.\xbaS\xa1;]T\xab\
J\xebfK\xa5\x9a\x97nX\xda\x9b\xf5?\x14!\xc4\
\x90\xfc\x7f)\xd1D\x7f\xcd2\xa0B\x00\x00\x00\x00I\
END\xaeB`\x82\
"

qt_resource_name = b"\
\x00\x04\
\x00\x06\xfa^\
\x00i\
\x00c\x00o\x00n\
\x00\x09\
\x08\x18\xa3\xc7\
\x00s\
\x00n\x00a\x00k\x00e\x00.\x00p\x00n\x00g\
"

qt_resource_struct = b"\
\x00\x00\x00\x00\x00\x02\x00\x00\x00\x01\x00\x00\x00\x01\
\x00\x00\x00\x00\x00\x00\x00\x00\
\x00\x00\x00\x00\x00\x02\x00\x00\x00\x01\x00\x00\x00\x02\
\x00\x00\x00\x00\x00\x00\x00\x00\
\x00\x00\x00\x0e\x00\x00\x00\x00\x00\x01\x00\x00\x00\x00\
\x00\x00\x01\x92\xe7\xaf\x11\xa8\
"

def qInitResources():
    QtCore.qRegisterResourceData(0x03, qt_resource_struct, qt_resource_name, qt_resource_data)

def qCleanupResources():
    QtCore.qUnregisterResourceData(0x03, qt_resource_struct, qt_resource_name, qt_resource_data)

qInitResources()
